Temps;Déplacement;Charge
(sec);(mm);(N)
0,00000;-37,17891;53,92181
0,02000;-37,17885;53,56563
0,04000;-37,17843;53,48837
0,06000;-37,17753;55,57497
0,08000;-37,17621;60,78422
0,10000;-37,17466;69,51358
0,12000;-37,17293;79,58698
0,14000;-37,17107;91,07782
0,16000;-37,16928;103,65868
0,18000;-37,16731;115,55882
0,20000;-37,16527;128,37867
0,22000;-37,16336;141,60108
0,24000;-37,16139;154,42558
0,26000;-37,15954;166,55840
0,28000;-37,15768;178,27870
0,30000;-37,15583;190,38302
0,32000;-37,15397;202,60115
0,34000;-37,15212;215,05880
0,36000;-37,15039;226,95973
0,38000;-37,14865;238,48359
0,40000;-37,14686;249,74716
0,42000;-37,14513;261,48574
0,44000;-37,14339;273,20848
0,46000;-37,14166;284,93546
0,48000;-37,13986;296,72333
0,50000;-37,13825;307,81673
0,52000;-37,13658;318,99181
0,54000;-37,13484;330,96706
0,56000;-37,13311;342,17788
0,58000;-37,13143;353,36013
0,60000;-37,12976;364,66981
0,62000;-37,12809;376,61197
0,64000;-37,12647;387,41240
0,66000;-37,12474;398,11162
0,68000;-37,12306;409,50933
0,70000;-37,12139;420,53838
0,72000;-37,11966;431,62000
0,74000;-37,11804;443,10777
0,76000;-37,11637;453,48210
0,78000;-37,11469;463,00418
0,80000;-37,11296;472,36276
0,82000;-37,11134;481,71747
0,84000;-37,10961;490,22310
0,86000;-37,10794;497,78419
0,88000;-37,10638;504,45911
0,90000;-37,10471;510,02922
0,92000;-37,10297;515,00387
0,94000;-37,10130;519,61117
0,96000;-37,09963;524,06518
0,98000;-37,09789;528,59480
1,00000;-37,09634;532,94557
1,02000;-37,09466;536,54625
1,04000;-37,09299;540,38297
1,06000;-37,09131;544,11078
1,08000;-37,08964;548,13670
1,10000;-37,08797;551,66404
1,12000;-37,08635;555,66304
1,14000;-37,08474;559,73497
1,16000;-37,08306;563,51861
1,18000;-37,08133;567,68390
1,20000;-37,07965;571,75122
1,22000;-37,07798;575,96997
1,24000;-37,07631;578,81377
1,26000;-37,07469;582,18013
1,28000;-37,07302;585,75692
1,30000;-37,07134;589,66088
1,32000;-37,06961;593,52503
1,34000;-37,06794;597,36879
1,36000;-37,06626;601,07936
1,38000;-37,06471;604,34896
1,40000;-37,06297;607,17105
1,42000;-37,06130;610,58705
1,44000;-37,05957;613,86544
1,46000;-37,05789;617,52391
1,48000;-37,05628;620,79723
1,50000;-37,05466;623,46202
1,52000;-37,05299;625,70670
1,54000;-37,05132;628,82137
1,56000;-37,04964;631,69179
1,58000;-37,04797;635,30905
1,60000;-37,04629;639,05977
1,62000;-37,04468;641,36740
1,64000;-37,04300;644,34195
1,66000;-37,04133;647,84382
1,68000;-37,03966;651,29516
1,70000;-37,03798;654,64554
1,72000;-37,03631;657,48389
1,74000;-37,03463;660,48526
1,76000;-37,03302;662,90353
1,78000;-37,03134;665,11962
1,80000;-37,02967;667,99759
1,82000;-37,02800;670,85498
1,84000;-37,02632;673,51614
1,86000;-37,02459;676,25428
1,88000;-37,02297;679,16173
1,90000;-37,02130;681,32179
1,92000;-37,01963;683,50569
1,94000;-37,01801;685,62902
1,96000;-37,01634;687,94792
1,98000;-37,01460;690,51692
2,00000;-37,01299;693,07573
2,02000;-37,01138;695,02722
2,04000;-37,00970;697,18179
2,06000;-37,00797;699,02297
2,08000;-37,00629;700,54159
2,10000;-37,00462;702,13960
2,12000;-37,00295;703,72471
2,14000;-37,00133;705,53054
2,16000;-36,99966;707,60311
2,18000;-36,99792;709,68540
2,20000;-36,99625;711,49417
2,22000;-36,99458;712,17655
2,24000;-36,99296;713,25311
2,26000;-36,99135;715,11096
2,28000;-36,98967;715,51315
2,30000;-36,98800;715,38673
2,32000;-36,98632;716,10739
2,34000;-36,98465;717,33035
2,36000;-36,98298;717,73273
2,38000;-36,98130;718,08677
2,40000;-36,97969;718,76827
2,42000;-36,97801;719,26699
2,44000;-36,97634;719,87053
2,46000;-36,97461;720,40074
2,48000;-36,97293;720,66449
2,50000;-36,97125;721,02495
2,52000;-36,96964;720,97746
2,54000;-36,96797;720,80460
2,56000;-36,96629;720,57508
2,58000;-36,96468;720,25475
2,60000;-36,96295;720,79883
2,62000;-36,96127;722,98502
2,64000;-36,95966;728,01979
2,66000;-36,95798;734,26347
2,68000;-36,95631;741,25705
2,70000;-36,95464;749,92073
2,72000;-36,95296;758,34109
2,74000;-36,95123;766,25119
2,76000;-36,94961;775,45145
2,78000;-36,94794;783,51414
2,80000;-36,94627;791,11969
2,82000;-36,94465;798,26145
2,84000;-36,94298;805,18853
2,86000;-36,94130;812,49196
2,88000;-36,93969;820,30389
2,90000;-36,93801;827,63219
2,92000;-36,93634;834,72366
2,94000;-36,93460;842,87329
2,96000;-36,93299;849,90514
2,98000;-36,93132;856,59828
3,00000;-36,92964;863,79359
3,02000;-36,92803;870,46502
3,04000;-36,92635;876,46199
3,06000;-36,92462;883,06414
3,08000;-36,92301;889,59429
3,10000;-36,92133;895,42717
3,12000;-36,91966;901,89558
3,14000;-36,91804;908,35355
3,16000;-36,91637;914,58447
3,18000;-36,91475;921,46546
3,20000;-36,91308;928,43976
3,22000;-36,91141;934,65615
3,24000;-36,90967;941,02668
3,26000;-36,90812;946,79426
3,28000;-36,90651;953,21527
3,30000;-36,90477;960,40089
3,32000;-36,90310;967,45426
3,34000;-36,90136;974,47941
3,36000;-36,89969;981,49795
3,38000;-36,89802;988,39151
3,40000;-36,89640;994,57726
3,42000;-36,89473;1001,08199
3,44000;-36,89305;1007,45615
3,46000;-36,89138;1013,79314
3,48000;-36,88971;1020,57783
3,50000;-36,88803;1026,48949
3,52000;-36,88636;1033,29206
3,54000;-36,88468;1040,33118
3,56000;-36,88307;1047,64858
3,58000;-36,88139;1053,93976
3,60000;-36,87972;1061,06335
3,62000;-36,87799;1068,00869
3,64000;-36,87637;1075,11654
3,66000;-36,87470;1081,29587
3,68000;-36,87302;1087,03310
3,70000;-36,87135;1093,22276
3,72000;-36,86973;1099,76092
3,74000;-36,86800;1106,15408
3,76000;-36,86639;1113,07139
3,78000;-36,86471;1119,76238
3,80000;-36,86304;1125,58035
3,82000;-36,86142;1131,84620
3,84000;-36,85969;1138,12983
3,86000;-36,85801;1144,64844
3,88000;-36,85640;1151,26427
3,90000;-36,85473;1158,62163
3,92000;-36,85311;1164,79341
3,94000;-36,85138;1170,25804
3,96000;-36,84970;1176,43997
3,98000;-36,84809;1182,73078
4,00000;-36,84636;1188,54223
4,02000;-36,84474;1195,24002
4,04000;-36,84307;1201,66233
4,06000;-36,84134;1207,35932
4,08000;-36,83966;1213,84375
4,10000;-36,83805;1220,01562
4,12000;-36,83631;1225,72947
4,14000;-36,83476;1232,73125
4,16000;-36,83308;1238,94699
4,18000;-36,83135;1244,24240
4,20000;-36,82968;1250,26675
4,22000;-36,82800;1256,30451
4,24000;-36,82633;1262,49576
4,26000;-36,82471;1269,02806
4,28000;-36,82310;1274,34665
4,30000;-36,82137;1279,54129
4,32000;-36,81969;1285,98604
4,34000;-36,81801;1291,69701
4,36000;-36,81634;1297,52029
4,38000;-36,81467;1304,11042
4,40000;-36,81311;1309,66799
4,42000;-36,81144;1314,34985
4,44000;-36,80976;1320,56875
4,46000;-36,80809;1326,29164
4,48000;-36,80635;1332,38193
4,50000;-36,80468;1337,87561
4,52000;-36,80307;1343,22187
4,54000;-36,80139;1348,39723
4,56000;-36,79972;1353,05068
4,58000;-36,79805;1358,54045
4,60000;-36,79637;1363,91958
4,62000;-36,79470;1369,73113
4,64000;-36,79302;1375,26831
4,66000;-36,79135;1380,22630
4,68000;-36,78974;1384,54838
4,70000;-36,78806;1389,11335
4,72000;-36,78639;1394,10896
4,74000;-36,78465;1399,66644
4,76000;-36,78298;1405,63259
4,78000;-36,78137;1410,88869
4,80000;-36,77963;1415,73464
4,82000;-36,77802;1421,17878
4,84000;-36,77635;1426,11917
4,86000;-36,77467;1430,76871
4,88000;-36,77294;1435,97489
4,90000;-36,77132;1440,87868
4,92000;-36,76965;1445,70861
4,94000;-36,76797;1450,23474
4,96000;-36,76636;1454,54714
4,98000;-36,76474;1459,71011
5,00000;-36,76301;1464,71942
5,02000;-36,76140;1470,29888
5,04000;-36,75978;1475,50954
5,06000;-36,75811;1480,43782
5,08000;-36,75637;1485,24223
5,10000;-36,75476;1490,93196
5,12000;-36,75302;1495,51220
5,14000;-36,75141;1500,83024
5,16000;-36,74980;1505,46739
5,18000;-36,74800;1509,84805
5,20000;-36,74633;1514,85614
5,22000;-36,74465;1519,97795
5,24000;-36,74298;1524,50930
5,26000;-36,74137;1529,26622
5,28000;-36,73975;1533,69932
5,30000;-36,73808;1537,97772
5,32000;-36,73634;1543,82037
5,34000;-36,73467;1550,01003
5,36000;-36,73294;1554,76984
5,38000;-36,73126;1558,73150
5,40000;-36,72965;1563,57232
5,42000;-36,72797;1566,80439
5,44000;-36,72630;1570,90519
5,46000;-36,72463;1575,75291
5,48000;-36,72289;1580,56729
5,50000;-36,72122;1586,08016
5,52000;-36,71960;1590,04144
5,54000;-36,71799;1593,70881
5,56000;-36,71631;1596,83768
5,58000;-36,71464;1601,26220
5,60000;-36,71297;1606,35654
5,62000;-36,71129;1610,51769
5,64000;-36,70968;1614,69169
5,66000;-36,70800;1618,83999
5,68000;-36,70633;1622,44979
5,70000;-36,70465;1626,20842
5,72000;-36,70298;1630,28296
5,74000;-36,70131;1634,68197
5,76000;-36,69957;1638,65257
5,78000;-36,69796;1642,74909
5,80000;-36,69622;1646,18008
5,82000;-36,69461;1649,37861
5,84000;-36,69299;1653,15662
5,86000;-36,69132;1657,11045
5,88000;-36,68959;1661,82909
5,90000;-36,68797;1665,96398
5,92000;-36,68630;1669,31581
5,94000;-36,68462;1672,55756
5,96000;-36,68295;1675,06300
5,98000;-36,68128;1678,36193
6,00000;-36,67960;1681,71693
6,02000;-36,67799;1684,24696
6,04000;-36,67632;1686,84740
6,06000;-36,67458;1690,21226
6,08000;-36,67291;1693,60060
6,10000;-36,67123;1697,28845
6,12000;-36,66956;1699,95278
6,14000;-36,66795;1701,94954
6,16000;-36,66633;1703,43164
6,18000;-36,66472;1705,35464
6,20000;-36,66298;1708,35238
6,22000;-36,66131;1711,41420
6,24000;-36,65958;1714,10162
6,26000;-36,65796;1716,30811
6,28000;-36,65634;1718,01895
6,30000;-36,65479;1720,25431
6,32000;-36,65300;1722,01395
6,34000;-36,65126;1725,02492
6,36000;-36,64959;1728,05414
6,38000;-36,64792;1730,38412
6,40000;-36,64630;1731,54678
6,42000;-36,64463;1732,12700
6,44000;-36,64301;1732,90577
6,46000;-36,64134;1734,63840
6,48000;-36,63966;1736,72829
6,50000;-36,63793;1738,85059
6,52000;-36,63631;1740,75495
6,54000;-36,63464;1741,53727
6,56000;-36,63297;1742,54272
6,58000;-36,63135;1743,34645
6,60000;-36,62962;1744,41766
6,62000;-36,62794;1745,78093
6,64000;-36,62627;1747,28725
6,66000;-36,62460;1748,18654
6,68000;-36,62292;1749,30077
6,70000;-36,62131;1750,39805
6,72000;-36,61964;1751,02111
6,74000;-36,61796;1751,63690
6,76000;-36,61629;1752,62894
6,78000;-36,61467;1753,82625
6,80000;-36,61294;1755,23814
6,82000;-36,61127;1755,95302
6,84000;-36,60959;1756,66343
6,86000;-36,60792;1757,54819
6,88000;-36,60624;1758,17385
6,90000;-36,60463;1758,72017
6,92000;-36,60295;1758,96678
6,94000;-36,60128;1759,63603
6,96000;-36,59961;1759,63435
6,98000;-36,59799;1759,78988
7,00000;-36,59632;1759,44604
7,02000;-36,59470;1759,64609
7,04000;-36,59303;1760,20581
7,06000;-36,59129;1759,79454
7,08000;-36,58962;1759,56599
7,10000;-36,58795;1759,78821
7,12000;-36,58627;1759,36501
7,14000;-36,58466;1759,06867
7,16000;-36,58304;1758,36347
7,18000;-36,58143;1758,12300
7,20000;-36,57963;1758,80622
7,22000;-36,57796;1758,98597
7,24000;-36,57635;1758,97218
7,26000;-36,57467;1758,54266
7,28000;-36,57306;1758,36366
7,30000;-36,57138;1757,91662
7,32000;-36,56971;1757,75699
7,34000;-36,56804;1757,47462
7,36000;-36,56636;1757,39657
7,38000;-36,56457;1757,22577
7,40000;-36,56295;1756,83964
7,42000;-36,56134;1755,67865
7,44000;-36,55973;1754,29191
7,46000;-36,55799;1754,42360
7,48000;-36,55632;1754,56237
7,50000;-36,55464;1754,22430
7,52000;-36,55297;1753,58448
7,54000;-36,55136;1752,50564
7,56000;-36,54968;1751,41059
7,58000;-36,54807;1751,15876
7,60000;-36,54639;1750,30697
7,62000;-36,54508;1749,92196
7,64000;-36,54293;1749,90892
7,66000;-36,54125;1751,28803
7,68000;-36,53958;1751,21240
7,70000;-36,53790;1749,70068
7,72000;-36,53629;1748,13680
7,74000;-36,53467;1746,40715
7,76000;-36,53300;1745,46409
7,78000;-36,53138;1744,77138
7,80000;-36,52965;1743,86296
7,82000;-36,52798;1743,30734
7,84000;-36,52630;1742,10109
7,86000;-36,52469;1741,25861
7,88000;-36,52301;1739,98624
7,90000;-36,52140;1739,27415
7,92000;-36,51973;1738,50395
7,94000;-36,51793;1738,05114
7,96000;-36,51632;1737,53724
7,98000;-36,51464;1736,16167
8,00000;-36,51291;1734,59854
8,02000;-36,51154;1733,89819
8,04000;-36,50974;1733,49958
8,06000;-36,50789;1734,86490
8,08000;-36,50627;1735,79920
8,10000;-36,50460;1734,72036
8,12000;-36,50293;1733,15108
8,14000;-36,50125;1731,54175
8,16000;-36,49970;1730,01867
8,18000;-36,49802;1728,59784
8,20000;-36,49635;1727,70098
8,22000;-36,49468;1727,40519
8,24000;-36,49300;1726,69888
8,26000;-36,49133;1725,91675
8,28000;-36,48971;1724,99157
8,30000;-36,48804;1723,32805
8,32000;-36,48636;1722,36338
8,34000;-36,48469;1721,84408
8,36000;-36,48337;1720,95690
8,38000;-36,48128;1720,41524
8,40000;-36,47961;1721,18563
8,42000;-36,47799;1721,07909
8,44000;-36,47632;1719,71153
8,46000;-36,47470;1718,54440
8,48000;-36,47303;1717,48735
8,50000;-36,47130;1717,31152
8,52000;-36,46962;1717,38621
8,54000;-36,46801;1717,19361
8,56000;-36,46633;1716,27440
8,58000;-36,46460;1715,35350
8,60000;-36,46299;1714,22660
8,62000;-36,46131;1713,34464
8,64000;-36,45970;1712,86352
8,66000;-36,45802;1712,41704
8,68000;-36,45629;1710,88073
8,70000;-36,45462;1710,44674
8,72000;-36,45294;1709,77265
8,74000;-36,45127;1708,32407
8,76000;-36,44965;1707,25659
8,78000;-36,44798;1706,42082
8,80000;-36,44648;1706,16712
8,82000;-36,44445;1707,32141
8,84000;-36,44284;1707,62632
8,86000;-36,44122;1706,25709
8,88000;-36,43955;1704,43263
8,90000;-36,43800;1702,59457
8,92000;-36,43632;1701,18734
8,94000;-36,43465;1699,71325
8,96000;-36,43297;1699,04530
8,98000;-36,43130;1697,69097
9,00000;-36,42962;1695,94903
9,02000;-36,42801;1695,14734
9,04000;-36,42639;1693,53690
9,06000;-36,42472;1693,07962
9,08000;-36,42299;1693,05503
9,10000;-36,42161;1693,22155
9,12000;-36,41958;1692,80954
9,14000;-36,41784;1693,72614
9,16000;-36,41635;1693,23590
9,18000;-36,41468;1691,09702
9,20000;-36,41300;1688,54743
9,22000;-36,41133;1688,21756
9,24000;-36,40965;1686,87534
9,26000;-36,40798;1685,40683
9,28000;-36,40637;1683,91149
9,30000;-36,40475;1682,78515
9,32000;-36,40308;1682,33849
9,34000;-36,40134;1682,49551
9,36000;-36,39967;1682,28839
9,38000;-36,39794;1681,92592
9,40000;-36,39632;1680,81559
9,42000;-36,39471;1679,77978
9,44000;-36,39327;1678,44631
9,46000;-36,39136;1677,66828
9,48000;-36,38957;1678,41595
9,50000;-36,38795;1678,34684
9,52000;-36,38628;1677,16537
9,54000;-36,38472;1675,54226
9,56000;-36,38299;1674,11342
9,58000;-36,38137;1673,10759
9,60000;-36,37976;1672,43555
9,62000;-36,37803;1671,71676
9,64000;-36,37635;1670,08322
9,66000;-36,37474;1669,98561
9,68000;-36,37306;1669,41434
9,70000;-36,37139;1668,30830
9,72000;-36,36971;1667,56213
9,74000;-36,36810;1667,46024
9,76000;-36,36648;1667,95235
9,78000;-36,36469;1670,19647
9,80000;-36,36302;1673,09735
9,82000;-36,36140;1675,61714
9,84000;-36,35973;1678,14288
9,86000;-36,35805;1681,02421
9,88000;-36,35638;1684,96165
9,90000;-36,35471;1690,21040
9,92000;-36,35309;1695,24252
9,94000;-36,35136;1699,24796
9,96000;-36,34968;1704,31025
9,98000;-36,34801;1709,26396
10,00000;-36,34634;1714,09920
10,02000;-36,34472;1719,41333
10,04000;-36,34305;1724,56969
10,06000;-36,34149;1729,36060
10,08000;-36,33964;1734,62816
10,10000;-36,33797;1740,78196
10,12000;-36,33629;1745,77683
10,14000;-36,33462;1749,79195
10,16000;-36,33306;1754,31389
10,18000;-36,33145;1758,57190
10,20000;-36,32978;1763,05715
10,22000;-36,32804;1767,99092
10,24000;-36,32637;1773,05751
10,26000;-36,32469;1778,12874
10,28000;-36,32308;1783,23295
10,30000;-36,32146;1788,25315
10,32000;-36,31979;1792,45342
10,34000;-36,31806;1797,14076
10,36000;-36,31638;1802,47948
10,38000;-36,31471;1807,71481
10,40000;-36,31303;1812,79294
10,42000;-36,31142;1817,43614
10,44000;-36,30974;1821,58649
10,46000;-36,30807;1825,26167
10,48000;-36,30640;1829,57966
10,50000;-36,30466;1834,96177
10,52000;-36,30299;1840,54095
10,54000;-36,30137;1845,38532
10,56000;-36,29964;1850,04175
10,58000;-36,29803;1854,24387
10,60000;-36,29641;1858,74291
10,62000;-36,29468;1863,66625
10,64000;-36,29294;1869,11896
10,66000;-36,29133;1874,29506
10,68000;-36,28966;1878,42511
10,70000;-36,28798;1882,19417
10,72000;-36,28643;1886,53488
10,74000;-36,28470;1890,71409
10,76000;-36,28296;1895,86934
10,78000;-36,28135;1901,21122
10,80000;-36,27967;1905,84026
10,82000;-36,27800;1909,46274
10,84000;-36,27633;1913,46426
10,86000;-36,27471;1917,88282
10,88000;-36,27304;1922,10991
10,90000;-36,27136;1925,90747
10,92000;-36,26975;1930,71682
10,94000;-36,26807;1934,88300
10,96000;-36,26634;1939,32708
10,98000;-36,26466;1942,85959
11,00000;-36,26311;1946,40048
11,02000;-36,26131;1952,28867
11,04000;-36,25970;1957,59665
11,06000;-36,25803;1961,65890
11,08000;-36,25629;1965,71704
11,10000;-36,25462;1969,72452
11,12000;-36,25294;1973,77466
11,14000;-36,25121;1977,61320
11,16000;-36,24965;1980,52526
11,18000;-36,24798;1983,43564
11,20000;-36,24631;1987,53141
11,22000;-36,24463;1992,01256
11,24000;-36,24296;1995,62665
11,26000;-36,24123;1999,45234
11,28000;-36,23961;2003,00887
11,30000;-36,23806;2006,37430
11,32000;-36,23638;2010,08245
11,34000;-36,23465;2013,35512
11,36000;-36,23298;2017,57625
11,38000;-36,23130;2021,87318
11,40000;-36,22963;2025,58953
11,42000;-36,22802;2028,65973
11,44000;-36,22634;2031,52243
11,46000;-36,22467;2035,39468
11,48000;-36,22299;2039,30773
11,50000;-36,22132;2043,75815
11,52000;-36,21964;2047,66020
11,54000;-36,21803;2051,03159
11,56000;-36,21635;2054,00512
11,58000;-36,21480;2057,35788
11,60000;-36,21301;2060,88107
11,62000;-36,21127;2065,11691
11,64000;-36,20960;2069,59490
11,66000;-36,20798;2073,35278
11,68000;-36,20631;2076,81935
11,70000;-36,20469;2080,55153
11,72000;-36,20302;2083,81396
11,74000;-36,20135;2086,84020
11,76000;-36,19967;2091,04605
11,78000;-36,19800;2094,86652
11,80000;-36,19638;2098,48415
11,82000;-36,19465;2101,96804
11,84000;-36,19303;2105,14106
11,86000;-36,19136;2108,60744
11,88000;-36,18969;2112,00509
11,90000;-36,18801;2116,17630
11,92000;-36,18640;2120,00068
11,94000;-36,18467;2123,16308
11,96000;-36,18299;2126,94872
11,98000;-36,18132;2131,08752
12,00000;-36,17964;2134,95269
12,02000;-36,17803;2138,34010
12,04000;-36,17648;2141,92998
12,06000;-36,17462;2145,42896
12,08000;-36,17301;2150,20459
12,10000;-36,17127;2154,78018
12,12000;-36,16960;2158,52596
12,14000;-36,16793;2161,64347
12,16000;-36,16637;2165,57346
12,18000;-36,16470;2168,93945
12,20000;-36,16302;2172,26073
12,22000;-36,16135;2176,30938
12,24000;-36,15961;2180,34256
12,26000;-36,15794;2183,76219
12,28000;-36,15633;2187,80860
12,30000;-36,15471;2191,51378
12,32000;-36,15304;2194,86319
12,34000;-36,15142;2198,14703
12,36000;-36,14963;2201,85556
12,38000;-36,14790;2206,68223
12,40000;-36,14622;2210,74559
12,42000;-36,14467;2213,92438
12,44000;-36,14299;2217,03965
12,46000;-36,14138;2219,92508
12,48000;-36,13970;2223,87910
12,50000;-36,13803;2228,01920
12,52000;-36,13635;2231,49359
12,54000;-36,13468;2235,15294
12,56000;-36,13307;2238,48540
12,58000;-36,13139;2242,05274
12,60000;-36,12972;2245,97733
12,62000;-36,12805;2250,31115
12,64000;-36,12625;2255,02737
12,66000;-36,12464;2259,40309
12,68000;-36,12302;2262,44517
12,70000;-36,12129;2265,62284
12,72000;-36,11968;2269,70240
12,74000;-36,11812;2272,70257
12,76000;-36,11627;2277,14516
12,78000;-36,11465;2282,83629
12,80000;-36,11304;2287,03581
12,82000;-36,11131;2290,50685
12,84000;-36,10963;2293,79367
12,86000;-36,10796;2297,20771
12,88000;-36,10628;2299,94860
12,90000;-36,10461;2302,57679
12,92000;-36,10305;2306,54199
12,94000;-36,10132;2310,21047
12,96000;-36,09959;2314,05329
12,98000;-36,09797;2317,46789
13,00000;-36,09641;2320,89218
13,02000;-36,09468;2324,33099
13,04000;-36,09295;2329,70454
13,06000;-36,09127;2334,59752
13,08000;-36,08960;2338,18050
13,10000;-36,08793;2341,48242
13,12000;-36,08631;2344,94619
13,14000;-36,08458;2348,53905
13,16000;-36,08296;2351,98010
13,18000;-36,08135;2355,42823
13,20000;-36,07967;2359,49904
13,22000;-36,07800;2364,73437
13,24000;-36,07633;2371,10108
13,26000;-36,07483;2377,30425
13,28000;-36,07286;2384,22472
13,30000;-36,07119;2391,22696
13,32000;-36,06957;2396,85718
13,34000;-36,06796;2401,86267
13,36000;-36,06628;2406,80818
13,38000;-36,06455;2413,03071
13,40000;-36,06287;2418,88259
13,42000;-36,06126;2424,49418
13,44000;-36,05959;2429,47675
13,46000;-36,05797;2435,39698
13,48000;-36,05630;2441,09277
13,50000;-36,05457;2446,97221
13,52000;-36,05295;2453,03996
13,54000;-36,05128;2459,07288
13,56000;-36,04954;2465,61896
13,58000;-36,04793;2472,24104
13,60000;-36,04631;2477,03549
13,62000;-36,04464;2482,31348
13,64000;-36,04297;2487,84907
13,66000;-36,04135;2493,69927
13,68000;-36,03968;2499,83743
13,70000;-36,03794;2505,23333
13,72000;-36,03627;2510,45767
13,74000;-36,03459;2515,47154
13,76000;-36,03292;2520,52601
13,78000;-36,03131;2525,59446
13,80000;-36,02969;2530,64688
13,82000;-36,02796;2535,61214
13,84000;-36,02628;2540,70032
13,86000;-36,02455;2545,72015
13,88000;-36,02293;2550,77593
13,90000;-36,02132;2555,95967
13,92000;-36,01971;2560,38941
13,94000;-36,01803;2564,44216
13,96000;-36,01624;2570,69878
13,98000;-36,01456;2575,96727
14,00000;-36,01289;2580,50356
14,02000;-36,01122;2585,78788
14,04000;-36,00960;2590,27407
14,06000;-36,00799;2594,30707
14,08000;-36,00637;2599,27586
14,10000;-36,00464;2604,31021
14,12000;-36,00291;2609,37084
14,14000;-36,00123;2614,43630
14,16000;-35,99968;2619,56789
14,18000;-35,99806;2623,63218
14,20000;-35,99639;2627,62662
14,22000;-35,99471;2631,86563
14,24000;-35,99304;2637,11736
14,26000;-35,99137;2642,81966
14,28000;-35,98963;2647,98775
14,30000;-35,98802;2652,81275
14,32000;-35,98640;2657,74112
14,34000;-35,98473;2661,85254
14,36000;-35,98300;2666,71348
14,38000;-35,98132;2672,49364
14,40000;-35,97965;2678,16912
14,42000;-35,97803;2682,81940
14,44000;-35,97642;2686,82297
14,46000;-35,97474;2690,84740
14,48000;-35,97307;2695,09517
14,50000;-35,97140;2699,22260
14,52000;-35,96972;2704,16215
14,54000;-35,96805;2709,19744
14,56000;-35,96637;2714,33350
14,58000;-35,96470;2719,18606
14,60000;-35,96309;2723,98777
14,62000;-35,96153;2728,61831
14,64000;-35,95962;2733,67446
14,66000;-35,95800;2739,90221
14,68000;-35,95633;2744,68921
14,70000;-35,95466;2749,03718
14,72000;-35,95298;2753,27191
14,74000;-35,95137;2757,62901
14,76000;-35,94969;2762,29437
14,78000;-35,94802;2767,12105
14,80000;-35,94641;2771,75270
14,82000;-35,94467;2775,76540
14,84000;-35,94300;2780,71668
14,86000;-35,94132;2786,17553
14,88000;-35,93965;2790,69785
14,90000;-35,93803;2794,56452
14,92000;-35,93678;2798,86313
14,94000;-35,93475;2803,17198
14,96000;-35,93289;2810,60338
14,98000;-35,93128;2817,81349
15,00000;-35,92966;2821,99495
15,02000;-35,92799;2825,52727
15,04000;-35,92637;2829,37735
15,06000;-35,92470;2833,60202
15,08000;-35,92303;2837,37127
15,10000;-35,92135;2841,50057
15,12000;-35,91968;2845,99308
15,14000;-35,91800;2850,20731
15,16000;-35,91639;2855,63301
15,18000;-35,91471;2860,19742
15,20000;-35,91304;2864,47462
15,22000;-35,91143;2869,14650
15,24000;-35,90969;2873,93481
15,26000;-35,90814;2879,29252
15,28000;-35,90629;2885,16432
15,30000;-35,90461;2890,64776
15,32000;-35,90300;2895,33008
15,34000;-35,90132;2899,52010
15,36000;-35,89965;2903,20497
15,38000;-35,89798;2907,33296
15,40000;-35,89630;2912,02944
15,42000;-35,89469;2916,35636
15,44000;-35,89301;2920,69428
15,46000;-35,89140;2925,06311
15,48000;-35,88973;2929,46566
15,50000;-35,88805;2934,45233
15,52000;-35,88638;2939,75417
15,54000;-35,88464;2946,02793
15,56000;-35,88303;2951,61866
15,58000;-35,88135;2956,50028
15,60000;-35,87968;2960,81975
15,62000;-35,87801;2964,59720
15,64000;-35,87633;2968,66316
15,66000;-35,87472;2973,62320
15,68000;-35,87304;2978,26044
15,70000;-35,87131;2982,82318
15,72000;-35,86964;2987,87206
15,74000;-35,86796;2992,29529
15,76000;-35,86628;2997,32238
15,78000;-35,86467;3001,46509
15,80000;-35,86324;3005,29078
15,82000;-35,86132;3010,42814
15,84000;-35,85959;3017,02898
15,86000;-35,85798;3022,51931
15,88000;-35,85630;3027,33835
15,90000;-35,85463;3031,36408
15,92000;-35,85301;3035,73869
15,94000;-35,85134;3040,02855
15,96000;-35,84967;3044,83641
15,98000;-35,84793;3049,63589
16,00000;-35,84626;3054,92058
16,02000;-35,84458;3059,94563
16,04000;-35,84297;3064,36308
16,06000;-35,84136;3068,25675
16,08000;-35,83968;3072,64719
16,10000;-35,83801;3077,91810
16,12000;-35,83633;3083,40415
16,14000;-35,83460;3089,47824
16,16000;-35,83299;3094,34645
16,18000;-35,83131;3097,94247
16,20000;-35,82970;3101,27065
16,22000;-35,82802;3106,22193
16,24000;-35,82635;3111,49210
16,26000;-35,82455;3117,76046
16,28000;-35,82294;3124,38793
16,30000;-35,82133;3128,68729
16,32000;-35,81965;3132,34851
16,34000;-35,81798;3136,62067
16,36000;-35,81630;3141,10629
16,38000;-35,81469;3145,61166
16,40000;-35,81295;3149,99856
16,42000;-35,81134;3154,99604
16,44000;-35,80966;3159,05772
16,46000;-35,80805;3163,92183
16,48000;-35,80632;3168,42347
16,50000;-35,80470;3173,04246
16,52000;-35,80303;3178,06378
16,54000;-35,80135;3183,02028
16,56000;-35,79962;3188,01813
16,58000;-35,79801;3192,69300
16,60000;-35,79627;3197,74784
16,62000;-35,79472;3201,77600
16,64000;-35,79305;3205,42939
16,66000;-35,79131;3211,37644
16,68000;-35,78970;3217,30450
16,70000;-35,78802;3221,82141
16,72000;-35,78635;3226,36999
16,74000;-35,78468;3230,20108
16,76000;-35,78300;3233,99976
16,78000;-35,78139;3239,31389
16,80000;-35,77977;3243,83862
16,82000;-35,77804;3248,94637
16,84000;-35,77637;3254,11372
16,86000;-35,77469;3258,72637
16,88000;-35,77302;3262,75751
16,90000;-35,77134;3267,25058
16,92000;-35,76973;3271,16325
16,94000;-35,76805;3275,71630
16,96000;-35,76638;3280,36286
16,98000;-35,76471;3284,81272
17,00000;-35,76303;3288,98430
17,02000;-35,76135;3293,80818
17,04000;-35,75974;3297,96001
17,06000;-35,75813;3301,78365
17,08000;-35,75639;3306,02191
17,10000;-35,75472;3311,16952
17,12000;-35,75298;3316,13757
17,14000;-35,75131;3321,44909
17,16000;-35,74964;3325,94253
17,18000;-35,74808;3330,22363
17,20000;-35,74641;3334,30246
17,22000;-35,74473;3338,26356
17,24000;-35,74300;3342,86802
17,26000;-35,74133;3348,34121
17,28000;-35,73965;3353,14013
17,30000;-35,73804;3357,29308
17,32000;-35,73636;3361,03365
17,34000;-35,73469;3365,00853
17,36000;-35,73302;3369,61895
17,38000;-35,73134;3374,45363
17,40000;-35,72961;3378,88040
17,42000;-35,72799;3383,33659
17,44000;-35,72632;3387,36512
17,46000;-35,72471;3391,30498
17,48000;-35,72303;3395,31749
17,50000;-35,72136;3399,90146
17,52000;-35,71969;3405,12060
17,54000;-35,71801;3410,67016
17,56000;-35,71633;3415,18447
17,58000;-35,71466;3419,00848
17,60000;-35,71304;3423,15696
17,62000;-35,71137;3427,21865
17,64000;-35,70970;3431,42860
17,66000;-35,70803;3436,72410
17,68000;-35,70635;3442,26658
17,70000;-35,70467;3446,81926
17,72000;-35,70300;3451,47327
17,74000;-35,70133;3455,27306
17,76000;-35,69971;3458,76105
17,78000;-35,69804;3462,64504
17,80000;-35,69642;3467,20815
17,82000;-35,69475;3471,39090
17,84000;-35,69301;3476,34107
17,86000;-35,69134;3481,62204
17,88000;-35,68973;3486,71265
17,90000;-35,68805;3492,06403
17,92000;-35,68638;3499,01281
17,94000;-35,68477;3506,57217
17,96000;-35,68303;3513,91025
17,98000;-35,68130;3522,04293
18,00000;-35,67962;3529,41304
18,02000;-35,67795;3536,74851
18,04000;-35,67634;3544,00724
18,06000;-35,67472;3550,59355
18,08000;-35,67305;3556,82075
18,10000;-35,67138;3563,65107
18,12000;-35,66970;3571,25886
18,14000;-35,66802;3579,28909
18,16000;-35,66635;3586,92966
18,18000;-35,66474;3594,11463
18,20000;-35,66306;3600,63836
18,22000;-35,66139;3607,68437
18,24000;-35,65972;3615,51009
18,26000;-35,65798;3622,95210
18,28000;-35,65631;3630,28906
18,30000;-35,65469;3637,71431
18,32000;-35,65308;3644,01750
18,34000;-35,65140;3649,86546
18,36000;-35,64973;3656,30127
18,38000;-35,64805;3663,91949
18,40000;-35,64632;3671,82977
18,42000;-35,64470;3679,43496
18,44000;-35,64309;3686,16357
18,46000;-35,64136;3692,92013
18,48000;-35,63974;3700,23213
18,50000;-35,63801;3707,30869
18,52000;-35,63628;3715,00216
18,54000;-35,63460;3722,87706
18,56000;-35,63299;3730,31124
18,58000;-35,63125;3737,76928
18,60000;-35,62964;3745,17031
18,62000;-35,62797;3751,00002
18,64000;-35,62623;3757,54647
18,66000;-35,62456;3764,78694
18,68000;-35,62294;3771,35426
18,70000;-35,62127;3777,80721
18,72000;-35,61960;3784,61294
18,74000;-35,61798;3791,79083
18,76000;-35,61631;3799,00262
18,78000;-35,61469;3806,26284
18,80000;-35,61308;3813,22019
18,82000;-35,61134;3820,06578
18,84000;-35,60967;3827,20977
18,86000;-35,60800;3834,70654
18,88000;-35,60632;3841,87475
18,90000;-35,60465;3848,68197
18,92000;-35,60303;3855,69818
18,94000;-35,60136;3861,97381
18,96000;-35,59968;3867,86014
18,98000;-35,59801;3874,61558
19,00000;-35,59634;3881,90933
19,02000;-35,59466;3888,98887
19,04000;-35,59299;3896,58324
19,06000;-35,59143;3902,45616
19,08000;-35,58976;3907,95246
19,10000;-35,58808;3914,92732
19,12000;-35,58635;3922,23932
19,14000;-35,58468;3929,96296
19,16000;-35,58294;3937,29545
19,18000;-35,58133;3943,79683
19,20000;-35,57965;3949,84037
19,22000;-35,57798;3956,87371
19,24000;-35,57631;3964,17864
19,26000;-35,57457;3971,26898
19,28000;-35,57290;3978,57577
19,30000;-35,57128;3985,38932
19,32000;-35,56967;3991,26820
19,34000;-35,56800;3997,77889
19,36000;-35,56632;4004,10779
19,38000;-35,56465;4010,83454
19,40000;-35,56298;4017,86938
19,42000;-35,56136;4024,04964
19,44000;-35,55969;4030,90343
19,46000;-35,55819;4037,82725
19,48000;-35,55634;4044,81180
19,50000;-35,55466;4052,47808
19,52000;-35,55299;4060,39320
19,54000;-35,55132;4067,76629
19,56000;-35,54964;4075,06190
19,58000;-35,54797;4082,32771
19,60000;-35,54635;4089,07942
19,62000;-35,54468;4096,47934
19,64000;-35,54300;4103,67213
19,66000;-35,54133;4111,68449
19,68000;-35,53972;4119,54299
19,70000;-35,53804;4126,41317
19,72000;-35,53637;4134,02244
19,74000;-35,53469;4141,08410
19,76000;-35,53302;4148,72877
19,78000;-35,53134;4156,77503
19,80000;-35,52961;4164,97886
19,82000;-35,52800;4172,92267
19,84000;-35,52626;4180,08976
19,86000;-35,52459;4187,36935
19,88000;-35,52297;4194,78379
19,90000;-35,52130;4202,20867
19,92000;-35,51969;4209,29492
19,94000;-35,51807;4216,31634
19,96000;-35,51640;4223,81349
19,98000;-35,51473;4232,07097
20,00000;-35,51305;4239,80951
20,02000;-35,51132;4247,43257
20,04000;-35,50970;4254,22043
20,06000;-35,50815;4261,17852
20,08000;-35,50641;4267,49624
20,10000;-35,50468;4275,29924
20,12000;-35,50301;4283,64649
20,14000;-35,50133;4291,94905
20,16000;-35,49966;4299,22827
20,18000;-35,49804;4306,36331
20,20000;-35,49655;4312,84346
20,22000;-35,49475;4320,30000
20,24000;-35,49302;4329,32787
20,26000;-35,49135;4337,82972
20,28000;-35,48967;4345,94825
20,30000;-35,48800;4353,42900
20,32000;-35,48638;4359,65434
20,34000;-35,48471;4365,85024
20,36000;-35,48304;4372,84485
20,38000;-35,48136;4380,11363
20,40000;-35,47969;4387,48971
20,42000;-35,47801;4395,33256
20,44000;-35,47628;4403,52485
20,46000;-35,47466;4411,32970
20,48000;-35,47299;4418,95314
20,50000;-35,47138;4425,51263
20,52000;-35,46964;4433,17294
20,54000;-35,46797;4441,05826
20,56000;-35,46635;4448,32407
20,58000;-35,46468;4454,92975
20,60000;-35,46301;4461,68110
20,62000;-35,46133;4468,97596
20,64000;-35,45972;4476,36358
20,66000;-35,45798;4484,47391
20,68000;-35,45637;4491,84664
20,70000;-35,45464;4499,16609
20,72000;-35,45296;4507,10654
20,74000;-35,45129;4514,83093
20,76000;-35,44968;4521,83820
20,78000;-35,44800;4528,86410
20,80000;-35,44639;4535,78867
20,82000;-35,44471;4543,58906
20,84000;-35,44298;4551,50530
20,86000;-35,44130;4559,64692
20,88000;-35,43963;4566,74062
20,90000;-35,43796;4573,62868
20,92000;-35,43628;4580,91050
20,94000;-35,43467;4587,68792
20,96000;-35,43299;4594,63149
20,98000;-35,43132;4602,21134
21,00000;-35,42959;4609,37060
21,02000;-35,42791;4617,14752
21,04000;-35,42630;4624,31945
21,06000;-35,42474;4631,23322
21,08000;-35,42307;4637,95587
21,10000;-35,42133;4645,37404
21,12000;-35,41966;4653,47841
21,14000;-35,41798;4661,38311
21,16000;-35,41625;4669,43793
21,18000;-35,41470;4676,50108
21,20000;-35,41302;4682,72567
21,22000;-35,41135;4689,26392
21,24000;-35,40967;4696,73350
21,26000;-35,40800;4705,15601
21,28000;-35,40627;4712,85880
21,30000;-35,40465;4720,67036
21,32000;-35,40298;4727,72084
21,34000;-35,40136;4734,58655
21,36000;-35,39975;4741,18739
21,38000;-35,39808;4748,32244
21,40000;-35,39634;4756,22527
21,42000;-35,39467;4764,91451
21,44000;-35,39299;4773,29828
21,46000;-35,39132;4780,73284
21,48000;-35,38965;4787,81126
21,50000;-35,38797;4794,97686
21,52000;-35,38636;4801,64178
21,54000;-35,38468;4808,09696
21,56000;-35,38307;4815,65967
21,58000;-35,38139;4823,38890
21,60000;-35,37960;4831,49067
21,62000;-35,37799;4839,92845
21,64000;-35,37637;4847,78993
21,66000;-35,37470;4855,59404
21,68000;-35,37320;4863,88914
21,70000;-35,37135;4873,14463
21,72000;-35,36962;4883,78927
21,74000;-35,36794;4893,36252
21,76000;-35,36633;4901,13236
21,78000;-35,36465;4908,32515
21,80000;-35,36304;4916,00446
21,82000;-35,36136;4924,44523
21,84000;-35,35969;4932,86066
21,86000;-35,35795;4941,61807
21,88000;-35,35628;4951,41484
21,90000;-35,35461;4959,77737
21,92000;-35,35299;4968,39099
21,94000;-35,35138;4976,54974
21,96000;-35,34971;4984,68801
21,98000;-35,34791;4995,04991
22,00000;-35,34624;5005,20878
22,02000;-35,34456;5014,29848
22,04000;-35,34289;5023,30139
22,06000;-35,34134;5031,57191
22,08000;-35,33972;5038,80754
22,10000;-35,33805;5046,79121
22,12000;-35,33637;5054,86317
22,14000;-35,33470;5064,24643
22,16000;-35,33297;5074,04320
22,18000;-35,33135;5082,64638
22,20000;-35,32974;5090,38530
22,22000;-35,32806;5097,95472
22,24000;-35,32639;5106,08628
22,26000;-35,32495;5115,13241
22,28000;-35,32298;5124,70491
22,30000;-35,32131;5135,77349
22,32000;-35,31969;5145,80719
22,34000;-35,31802;5153,89740
22,36000;-35,31634;5161,58827
22,38000;-35,31473;5169,90758
22,40000;-35,31305;5178,52679
22,42000;-35,31132;5187,02231
22,44000;-35,30971;5195,26564
22,46000;-35,30803;5203,01163
22,48000;-35,30636;5210,83325
22,50000;-35,30468;5220,21279
22,52000;-35,30343;5229,75922
22,54000;-35,30127;5239,60367
22,56000;-35,29960;5251,20273
22,58000;-35,29793;5260,83782
22,60000;-35,29631;5269,21339
22,62000;-35,29464;5277,26598
22,64000;-35,29296;5285,42586
22,66000;-35,29129;5293,83756
22,68000;-35,28968;5302,29099
22,70000;-35,28806;5310,83085
22,72000;-35,28639;5319,10248
22,74000;-35,28472;5327,40206
22,76000;-35,28304;5336,39714
22,78000;-35,28137;5345,66715
22,80000;-35,27975;5354,53819
22,82000;-35,27826;5363,76201
22,84000;-35,27635;5373,27863
22,86000;-35,27467;5384,41986
22,88000;-35,27300;5394,79889
22,90000;-35,27132;5403,67551
22,92000;-35,26965;5411,98403
22,94000;-35,26809;5420,60025
22,96000;-35,26642;5428,96837
22,98000;-35,26474;5437,44303
23,00000;-35,26301;5447,07291
23,02000;-35,26140;5456,46176
23,04000;-35,25972;5465,16106
23,06000;-35,25811;5473,89798
23,08000;-35,25643;5482,32608
23,10000;-35,25476;5490,74225
23,12000;-35,25320;5499,55219
23,14000;-35,25129;5509,49015
23,16000;-35,24956;5520,69657
23,18000;-35,24794;5530,97688
23,20000;-35,24633;5539,58751
23,22000;-35,24465;5547,75819
23,24000;-35,24298;5556,48059
23,26000;-35,24137;5564,96903
23,28000;-35,23963;5573,90712
23,30000;-35,23802;5582,89327
23,32000;-35,23641;5592,02582
23,34000;-35,23473;5601,03171
23,36000;-35,23306;5609,78949
23,38000;-35,23144;5618,49885
23,40000;-35,22977;5628,50982
23,42000;-35,22791;5640,26237
23,44000;-35,22636;5652,53310
23,46000;-35,22463;5661,91524
23,48000;-35,22301;5670,09710
23,50000;-35,22134;5678,37656
23,52000;-35,21972;5686,15571
23,54000;-35,21805;5694,44038
23,56000;-35,21638;5703,29539
23,58000;-35,21470;5712,40522
23,60000;-35,21303;5721,12463
23,62000;-35,21135;5730,56675
23,64000;-35,20974;5739,92617
23,66000;-35,20806;5748,68210
23,68000;-35,20645;5757,08561
23,70000;-35,20483;5766,51655
23,72000;-35,20292;5776,80320
23,74000;-35,20131;5787,90382
23,76000;-35,19963;5797,17793
23,78000;-35,19796;5805,79937
23,80000;-35,19628;5814,80563
23,82000;-35,19467;5823,73068
23,84000;-35,19300;5832,52870
23,86000;-35,19126;5842,45548
23,88000;-35,18959;5852,15315
23,90000;-35,18791;5861,06405
23,92000;-35,18630;5870,43166
23,94000;-35,18469;5879,14065
23,96000;-35,18307;5888,20726
23,98000;-35,18134;5897,63336
24,00000;-35,17960;5908,42552
24,02000;-35,17793;5919,00498
24,04000;-35,17632;5928,97534
24,06000;-35,17470;5937,81285
24,08000;-35,17303;5945,71643
24,10000;-35,17136;5954,52525
24,12000;-35,16974;5963,19847
24,14000;-35,16807;5972,61153
24,16000;-35,16633;5981,83125
24,18000;-35,16466;5991,66192
24,20000;-35,16304;6000,95615
24,22000;-35,16137;6009,27174
24,24000;-35,15969;6018,31712
24,26000;-35,15802;6027,69926
24,28000;-35,15635;6037,01659
24,30000;-35,15461;6046,67068
24,32000;-35,15300;6056,11578
24,34000;-35,15132;6064,66457
24,36000;-35,14977;6073,48159
24,38000;-35,14797;6082,98816
24,40000;-35,14630;6092,70781
24,42000;-35,14463;6101,95883
24,44000;-35,14301;6111,42553
24,46000;-35,14134;6120,68139
24,48000;-35,13966;6129,64667
24,50000;-35,13799;6137,96115
24,52000;-35,13638;6146,86646
24,54000;-35,13470;6155,57991
24,56000;-35,13303;6164,68787
24,58000;-35,13135;6174,02233
24,60000;-35,12968;6182,98687
24,62000;-35,12801;6192,19951
24,64000;-35,12639;6200,96289
24,66000;-35,12472;6209,53739
24,68000;-35,12304;6218,60437
24,70000;-35,12143;6227,44374
24,72000;-35,11970;6236,06704
24,74000;-35,11802;6245,47713
24,76000;-35,11635;6254,55379
24,78000;-35,11474;6263,42222
24,80000;-35,11300;6272,52385
24,82000;-35,11145;6281,25519
24,84000;-35,10971;6289,94480
24,86000;-35,10798;6299,22003
24,88000;-35,10630;6308,43043
24,90000;-35,10463;6317,41360
24,92000;-35,10301;6326,31853
24,94000;-35,10140;6334,96493
24,96000;-35,09972;6343,99727
24,98000;-35,09805;6352,72413
25,00000;-35,09638;6361,61864
25,02000;-35,09464;6370,50644
25,04000;-35,09303;6379,75335
25,06000;-35,09147;6389,08520
25,08000;-35,08974;6398,32690
25,10000;-35,08801;6408,38519
25,12000;-35,08633;6417,89287
25,14000;-35,08466;6426,77918
25,16000;-35,08298;6435,20877
25,18000;-35,08131;6443,92893
25,20000;-35,07976;6452,01653
25,22000;-35,07808;6459,90148
25,24000;-35,07641;6467,93544
25,26000;-35,07467;6475,78090
25,28000;-35,07300;6481,80619
25,30000;-35,07133;6489,31488
25,32000;-35,06971;6498,70336
25,34000;-35,06834;6507,70590
25,36000;-35,06642;6516,51174
25,38000;-35,06469;6527,26591
25,40000;-35,06307;6537,95302
25,42000;-35,06134;6546,26116
25,44000;-35,05973;6554,63859
25,46000;-35,05806;6562,77910
25,48000;-35,05638;6571,07905
25,50000;-35,05477;6578,85000
25,52000;-35,05309;6587,05011
25,54000;-35,05141;6595,39178
25,56000;-35,04974;6604,15068
25,58000;-35,04813;6612,65925
25,60000;-35,04639;6621,05009
25,62000;-35,04472;6629,74045
25,64000;-35,04311;6638,69679
25,66000;-35,04143;6646,91329
25,68000;-35,03975;6655,44644
25,70000;-35,03808;6664,60693
25,72000;-35,03641;6673,06334
25,74000;-35,03467;6681,66801
25,76000;-35,03300;6689,46132
25,78000;-35,03138;6697,58692
25,80000;-35,02965;6706,01353
25,82000;-35,02810;6714,53774
25,84000;-35,02636;6722,88388
25,86000;-35,02469;6731,04450
25,88000;-35,02301;6739,85705
25,90000;-35,02140;6747,86642
25,92000;-35,01979;6755,58224
25,94000;-35,01811;6764,13253
25,96000;-35,01644;6773,27290
25,98000;-35,01477;6782,11674
26,00000;-35,01303;6790,32430
26,02000;-35,01142;6798,82690
26,04000;-35,00968;6807,46213
26,06000;-35,00807;6816,25530
26,08000;-35,00646;6823,50099
26,10000;-35,00478;6830,30933
26,12000;-35,00305;6838,52211
26,14000;-35,00137;6847,47472
26,16000;-34,99964;6856,70525
26,18000;-34,99797;6865,04617
26,20000;-34,99641;6873,02649
26,22000;-34,99473;6880,54189
26,24000;-34,99306;6888,08486
26,26000;-34,99139;6897,15371
26,28000;-34,98965;6906,64724
26,30000;-34,98804;6915,32120
26,32000;-34,98636;6923,09514
26,34000;-34,98469;6930,71857
26,36000;-34,98302;6938,26973
26,38000;-34,98140;6945,53107
26,40000;-34,97967;6954,31605
26,42000;-34,97793;6963,42513
26,44000;-34,97632;6972,48280
26,46000;-34,97465;6980,21650
26,48000;-34,97297;6987,53074
26,50000;-34,97136;6995,08265
26,52000;-34,96968;7003,10916
26,54000;-34,96801;7011,63858
26,56000;-34,96633;7020,21718
26,58000;-34,96472;7028,93957
26,60000;-34,96299;7037,23207
26,62000;-34,96131;7045,49700
26,64000;-34,95964;7053,69860
26,66000;-34,95796;7061,40324
26,68000;-34,95629;7069,42901
26,70000;-34,95468;7077,83699
26,72000;-34,95300;7085,64520
26,74000;-34,95127;7093,95260
26,76000;-34,94959;7102,28309
26,78000;-34,94792;7110,18592
26,80000;-34,94631;7117,67450
26,82000;-34,94469;7124,77192
26,84000;-34,94302;7131,89319
26,86000;-34,94134;7139,61795
26,88000;-34,93967;7147,43063
26,90000;-34,93818;7155,39902
26,92000;-34,93626;7164,22573
26,94000;-34,93459;7174,35777
26,96000;-34,93297;7182,50275
26,98000;-34,93130;7189,43924
27,00000;-34,92957;7197,45159
27,02000;-34,92789;7205,91620
27,04000;-34,92622;7213,91514
27,06000;-34,92460;7221,27557
27,08000;-34,92299;7228,33872
27,10000;-34,92131;7235,35940
27,12000;-34,91964;7243,41124
27,14000;-34,91790;7252,10607
27,16000;-34,91623;7260,39037
27,18000;-34,91456;7268,14866
27,20000;-34,91294;7275,84660
27,22000;-34,91127;7283,04088
27,24000;-34,90971;7289,97439
27,26000;-34,90786;7299,60352
27,28000;-34,90618;7310,15801
27,30000;-34,90451;7318,85657
27,32000;-34,90290;7325,47119
27,34000;-34,90128;7332,11786
27,36000;-34,89967;7338,92843
27,38000;-34,89800;7346,04597
27,40000;-34,89632;7354,25651
27,42000;-34,89465;7362,64214
27,44000;-34,89303;7370,67014
27,46000;-34,89136;7378,42023
27,48000;-34,88969;7385,67486
27,50000;-34,88801;7393,55683
27,52000;-34,88634;7401,43210
27,54000;-34,88466;7409,10396
27,56000;-34,88299;7417,20796
27,58000;-34,88149;7425,17337
27,60000;-34,87958;7433,24831
27,62000;-34,87791;7443,29914
27,64000;-34,87629;7451,77269
27,66000;-34,87462;7458,65330
27,68000;-34,87300;7465,51901
27,70000;-34,87139;7472,40558
27,72000;-34,86971;7479,00531
27,74000;-34,86798;7486,68611
27,76000;-34,86631;7495,43607
27,78000;-34,86463;7503,04088
27,80000;-34,86296;7510,30296
27,82000;-34,86140;7517,61347
27,84000;-34,85967;7525,21604
27,86000;-34,85793;7533,10472
27,88000;-34,85626;7541,56038
27,90000;-34,85459;7548,85972
27,92000;-34,85291;7556,32073
27,94000;-34,85136;7563,80111
27,96000;-34,84975;7570,75921
27,98000;-34,84801;7579,08076
28,00000;-34,84640;7587,88511
28,02000;-34,84466;7594,93485
28,04000;-34,84299;7601,99130
28,06000;-34,84138;7609,63857
28,08000;-34,83976;7617,15993
28,10000;-34,83809;7624,02341
28,12000;-34,83641;7631,17969
28,14000;-34,83474;7639,15703
28,16000;-34,83301;7647,05613
28,18000;-34,83133;7656,02216
28,20000;-34,82972;7663,93691
28,22000;-34,82804;7670,95163
28,24000;-34,82637;7677,92016
28,26000;-34,82481;7684,68231
28,28000;-34,82302;7692,28786
28,30000;-34,82128;7701,62567
28,32000;-34,81973;7710,20800
28,34000;-34,81806;7716,99324
28,36000;-34,81632;7723,63842
28,38000;-34,81465;7730,69859
28,40000;-34,81303;7737,56728
28,42000;-34,81130;7745,00892
28,44000;-34,80969;7752,11751
28,46000;-34,80801;7759,64335
28,48000;-34,80628;7767,67805
28,50000;-34,80466;7775,67402
28,52000;-34,80299;7782,17465
28,54000;-34,80137;7788,89880
28,56000;-34,79976;7795,92842
28,58000;-34,79815;7803,72769
28,60000;-34,79635;7812,00081
28,62000;-34,79468;7820,81336
28,64000;-34,79301;7828,72513
28,66000;-34,79133;7835,51559
28,68000;-34,78972;7842,49380
28,70000;-34,78810;7849,25818
28,72000;-34,78637;7856,21926
28,74000;-34,78470;7864,23907
28,76000;-34,78302;7872,46525
28,78000;-34,78135;7879,89050
28,80000;-34,77967;7886,74727
28,82000;-34,77806;7893,68153
28,84000;-34,77644;7900,26337
28,86000;-34,77477;7906,34528
28,88000;-34,77304;7913,84354
28,90000;-34,77136;7922,39383
28,92000;-34,76963;7930,64758
28,94000;-34,76801;7938,06687
28,96000;-34,76640;7944,59730
28,98000;-34,76478;7951,50995
29,00000;-34,76299;7959,67653
29,02000;-34,76126;7968,97113
29,04000;-34,75958;7976,31219
29,06000;-34,75791;7983,13916
29,08000;-34,75629;7989,98401
29,10000;-34,75462;7995,94596
29,12000;-34,75301;8003,11267
29,14000;-34,75133;8010,19073
29,16000;-34,74978;8018,31707
29,18000;-34,74786;8027,09982
29,20000;-34,74625;8037,15587
29,22000;-34,74463;8044,65488
29,24000;-34,74296;8050,96328
29,26000;-34,74129;8057,30522
29,28000;-34,73961;8064,51514
29,30000;-34,73794;8071,48293
29,32000;-34,73632;8078,79567
29,34000;-34,73465;8085,39912
29,36000;-34,73298;8092,38106
29,38000;-34,73136;8099,94563
29,40000;-34,72963;8106,28757
29,42000;-34,72796;8112,80310
29,44000;-34,72634;8119,46988
29,46000;-34,72467;8126,42202
29,48000;-34,72299;8134,71377
29,50000;-34,72132;8142,83267
29,52000;-34,71965;8149,59109
29,54000;-34,71797;8155,73111
29,56000;-34,71642;8162,46793
29,58000;-34,71462;8171,70888
29,60000;-34,71295;8181,49522
29,62000;-34,71127;8189,10301
29,64000;-34,70960;8195,32126
29,66000;-34,70792;8201,02021
29,68000;-34,70631;8207,50296
29,70000;-34,70464;8213,71377
29,72000;-34,70296;8220,10040
29,74000;-34,70129;8227,33194
29,76000;-34,69967;8234,11718
29,78000;-34,69794;8240,91136
29,80000;-34,69626;8248,01475
29,82000;-34,69471;8255,16582
29,84000;-34,69334;8262,09784
29,86000;-34,69136;8269,21389
29,88000;-34,68957;8278,08604
29,90000;-34,68795;8286,04847
29,92000;-34,68628;8292,67129
29,94000;-34,68467;8298,45145
29,96000;-34,68305;8304,06025
29,98000;-34,68132;8310,28968
30,00000;-34,67971;8317,00340
30,02000;-34,67803;8323,89221
30,04000;-34,67636;8331,21911
30,06000;-34,67468;8339,09661
30,08000;-34,67307;8347,11567
30,10000;-34,67140;8354,54240
30,12000;-34,66972;8360,83591
30,14000;-34,66805;8367,38050
30,16000;-34,66637;8374,20374
30,18000;-34,66493;8380,51736
30,20000;-34,66303;8387,68706
30,22000;-34,66135;8395,70016
30,24000;-34,65967;8403,09188
30,26000;-34,65800;8409,75866
30,28000;-34,65638;8416,11624
30,30000;-34,65465;8422,45668
30,32000;-34,65310;8429,33133
30,34000;-34,65142;8436,28645
30,36000;-34,64969;8442,92939
30,38000;-34,64801;8450,46937
30,40000;-34,64634;8457,16968
30,42000;-34,64472;8463,12642
30,44000;-34,64305;8470,75209
30,46000;-34,64144;8477,92178
30,48000;-34,63988;8483,80774
30,50000;-34,63803;8491,06759
30,52000;-34,63630;8499,55752
30,54000;-34,63462;8507,19437
30,56000;-34,63301;8513,63316
30,58000;-34,63139;8519,68378
30,60000;-34,62966;8525,06831
30,62000;-34,62799;8531,60545
30,64000;-34,62637;8538,74683
30,66000;-34,62470;8545,48365
30,68000;-34,62296;8552,14521
30,70000;-34,62135;8558,60859
30,72000;-34,61974;8564,43420
30,74000;-34,61806;8570,35369
30,76000;-34,61639;8577,11732
30,78000;-34,61472;8583,82508
30,80000;-34,61310;8590,28921
30,82000;-34,61143;8597,37173
30,84000;-34,60969;8605,74096
30,86000;-34,60808;8613,24370
30,88000;-34,60634;8619,89260
30,90000;-34,60467;8626,37460
30,92000;-34,60299;8632,29334
30,94000;-34,60138;8638,70382
30,96000;-34,59970;8644,50037
30,98000;-34,59809;8650,21721
31,00000;-34,59642;8657,19020
31,02000;-34,59474;8664,09764
31,04000;-34,59301;8670,52898
31,06000;-34,59133;8677,64726
31,08000;-34,58978;8683,96163
31,10000;-34,58811;8690,51516
31,12000;-34,58655;8696,48308
31,14000;-34,58470;8703,48737
31,16000;-34,58302;8711,83574
31,18000;-34,58129;8719,96880
31,20000;-34,57967;8726,31520
31,22000;-34,57806;8731,95231
31,24000;-34,57639;8737,79655
31,26000;-34,57471;8744,28600
31,28000;-34,57304;8750,59366
31,30000;-34,57137;8756,93783
31,32000;-34,56975;8763,68955
31,34000;-34,56808;8770,70278
31,36000;-34,56640;8776,80629
31,38000;-34,56473;8783,17282
31,40000;-34,56312;8789,02525
31,42000;-34,56144;8794,83595
31,44000;-34,55977;8801,72700
31,46000;-34,55809;8808,90712
31,48000;-34,55636;8814,94060
31,50000;-34,55468;8821,55299
31,52000;-34,55301;8828,04841
31,54000;-34,55140;8834,25251
31,56000;-34,54972;8840,23458
31,58000;-34,54811;8846,87752
31,60000;-34,54637;8853,88255
31,62000;-34,54470;8861,00903
31,64000;-34,54302;8867,82035
31,66000;-34,54129;8874,79410
31,68000;-34,53962;8881,51973
31,70000;-34,53806;8888,07699
31,72000;-34,53639;8894,29748
31,74000;-34,53465;8901,14829
31,76000;-34,53298;8908,32022
31,78000;-34,53131;8915,88703
31,80000;-34,52957;8922,00097
31,82000;-34,52796;8928,78845
31,84000;-34,52634;8935,35912
31,86000;-34,52467;8940,88224
31,88000;-34,52305;8947,19288
31,90000;-34,52132;8954,32979
31,92000;-34,51959;8961,20816
31,94000;-34,51797;8967,35862
31,96000;-34,51642;8973,39955
31,98000;-34,51469;8978,81240
32,00000;-34,51307;8985,21617
32,02000;-34,51134;8992,40747
32,04000;-34,50966;8999,54736
32,06000;-34,50799;9006,81093
32,08000;-34,50638;9013,21322
32,10000;-34,50470;9018,65140
32,12000;-34,50303;9023,80571
32,14000;-34,50141;9029,99789
32,16000;-34,49968;9036,11630
32,18000;-34,49800;9043,28823
32,20000;-34,49633;9050,62258
32,22000;-34,49466;9057,04871
32,24000;-34,49304;9063,19693
32,26000;-34,49131;9069,36452
32,28000;-34,48963;9075,66175
32,30000;-34,48796;9082,59600
32,32000;-34,48629;9089,90577
32,34000;-34,48461;9096,43322
32,36000;-34,48288;9102,34302
32,38000;-34,48126;9108,31615
32,40000;-34,47959;9113,67685
32,42000;-34,47797;9118,84233
32,44000;-34,47630;9124,99428
32,46000;-34,47468;9131,21998
32,48000;-34,47295;9137,87931
32,50000;-34,47134;9144,11098
32,52000;-34,46966;9149,86134
32,54000;-34,46799;9156,05426
32,56000;-34,46631;9162,81044
32,58000;-34,46470;9169,98982
32,60000;-34,46303;9175,81022
32,62000;-34,46135;9182,16780
32,64000;-34,45968;9188,32496
32,66000;-34,45807;9194,66093
32,68000;-34,45639;9200,50964
32,70000;-34,45472;9207,10936
32,72000;-34,45310;9213,65544
32,74000;-34,45143;9219,46019
32,76000;-34,44970;9225,68738
32,78000;-34,44808;9232,34671
32,80000;-34,44635;9239,18262
32,82000;-34,44467;9245,96116
32,84000;-34,44312;9252,35748
32,86000;-34,44138;9258,21513
32,88000;-34,43971;9264,07054
32,90000;-34,43804;9270,77830
32,92000;-34,43636;9277,82208
32,94000;-34,43469;9283,78478
32,96000;-34,43307;9289,58729
32,98000;-34,43140;9294,74533
33,00000;-34,42972;9301,04107
33,02000;-34,42799;9307,64973
33,04000;-34,42632;9314,28671
33,06000;-34,42464;9320,40289
33,08000;-34,42303;9326,01020
33,10000;-34,42141;9331,66444
33,12000;-34,41974;9337,27771
33,14000;-34,41806;9343,99143
33,16000;-34,41639;9350,92494
33,18000;-34,41466;9358,03652
33,20000;-34,41304;9364,87168
33,22000;-34,41143;9370,65035
33,24000;-34,40975;9375,86948
33,26000;-34,40808;9382,29412
33,28000;-34,40641;9388,42520
33,30000;-34,40473;9395,05845
33,32000;-34,40306;9401,18209
33,34000;-34,40139;9406,66422
33,36000;-34,39971;9412,38776
33,38000;-34,39810;9417,64787
33,40000;-34,39642;9423,22835
33,42000;-34,39475;9429,25438
33,44000;-34,39307;9435,74384
33,46000;-34,39140;9442,29290
33,48000;-34,38973;9448,57746
33,50000;-34,38805;9455,49607
33,52000;-34,38638;9461,80224
33,54000;-34,38476;9467,30301
33,56000;-34,38303;9472,43124
33,58000;-34,38136;9478,63236
33,60000;-34,37974;9485,13225
33,62000;-34,37801;9491,11804
33,64000;-34,37633;9497,40186
33,66000;-34,37472;9502,79906
33,68000;-34,37304;9508,79306
33,70000;-34,37137;9514,98523
33,72000;-34,36975;9521,20125
33,74000;-34,36808;9527,28018
33,76000;-34,36635;9533,75325
33,78000;-34,36467;9540,20098
33,80000;-34,36300;9546,98324
33,82000;-34,36132;9553,05174
33,84000;-34,35977;9558,74398
33,86000;-34,35804;9564,23953
33,88000;-34,35636;9570,50025
33,90000;-34,35469;9577,21695
33,92000;-34,35301;9583,37113
33,94000;-34,35128;9589,16768
33,96000;-34,34973;9594,90910
33,98000;-34,34811;9599,22746
34,00000;-34,34638;9604,13516
34,02000;-34,34464;9611,78243
34,04000;-34,34303;9619,79702
34,06000;-34,34130;9626,06966
34,08000;-34,33968;9632,63512
34,10000;-34,33801;9637,65457
34,12000;-34,33634;9642,62858
34,14000;-34,33466;9648,34690
34,16000;-34,33293;9655,04348
34,18000;-34,33125;9661,17606
34,20000;-34,32964;9667,52023
34,22000;-34,32796;9673,34360
34,24000;-34,32635;9678,25502
34,26000;-34,32468;9683,50694
34,28000;-34,32300;9689,37129
34,30000;-34,32127;9696,40315
34,32000;-34,31959;9703,53931
34,34000;-34,31798;9709,36716
34,36000;-34,31630;9714,73902
34,38000;-34,31463;9720,97740
34,40000;-34,31296;9726,95723
34,42000;-34,31122;9732,67183
34,44000;-34,30961;9738,63900
34,46000;-34,30799;9744,47876
34,48000;-34,30626;9749,87820
34,50000;-34,30458;9755,89901
34,52000;-34,30297;9761,78050
34,54000;-34,30129;9767,01900
34,56000;-34,29962;9772,71348
34,58000;-34,29807;9778,36326
34,60000;-34,29633;9784,08307
34,62000;-34,29466;9790,47790
34,64000;-34,29299;9797,05676
34,66000;-34,29125;9803,45830
34,68000;-34,28958;9809,44261
34,70000;-34,28796;9814,70123
34,72000;-34,28641;9819,29228
34,74000;-34,28462;9824,87723
34,76000;-34,28294;9831,66844
34,78000;-34,28127;9838,76660
34,80000;-34,27959;9844,31133
34,82000;-34,27792;9849,35239
34,84000;-34,27637;9854,60281
34,86000;-34,27469;9859,68411
34,88000;-34,27302;9864,82725
34,90000;-34,27134;9870,72065
34,92000;-34,26967;9877,02534
34,94000;-34,26793;9883,00741
34,96000;-34,26632;9888,88815
34,98000;-34,26471;9893,92996
35,00000;-34,26297;9899,23626
35,02000;-34,26130;9905,27496
35,04000;-34,25962;9911,35687
35,06000;-34,25789;9917,63845
35,08000;-34,25627;9923,68013
35,10000;-34,25466;9928,44701
35,12000;-34,25298;9932,87414
35,14000;-34,25131;9937,54566
35,16000;-34,24964;9943,44130
35,18000;-34,24796;9949,91437
35,20000;-34,24629;9956,12144
35,22000;-34,24468;9961,88372
35,24000;-34,24294;9966,52022
35,26000;-34,24127;9971,75351
35,28000;-34,23965;9977,63723
35,30000;-34,23798;9983,32053
35,32000;-34,23624;9989,12305
35,34000;-34,23463;9995,40314
35,36000;-34,23296;10001,20863
35,38000;-34,23128;10005,71921
35,40000;-34,22967;10010,77592
35,42000;-34,22800;10016,34747
35,44000;-34,22632;10021,77373
35,46000;-34,22471;10027,81242
35,48000;-34,22297;10033,65219
35,50000;-34,22136;10038,99425
35,52000;-34,21969;10044,10088
35,54000;-34,21795;10048,99591
35,56000;-34,21634;10054,30892
35,58000;-34,21466;10059,75232
35,60000;-34,21305;10064,88428
35,62000;-34,21132;10070,38131
35,64000;-34,20964;10076,55635
35,66000;-34,20796;10082,02508
35,68000;-34,20629;10086,96556
35,70000;-34,20467;10092,39703
35,72000;-34,20306;10097,72941
35,74000;-34,20139;10102,31450
35,76000;-34,19959;10108,42100
35,78000;-34,19798;10115,58920
35,80000;-34,19630;10120,94319
35,82000;-34,19463;10125,46793
35,84000;-34,19302;10130,09101
35,86000;-34,19146;10134,64555
35,88000;-34,18967;10140,12620
35,90000;-34,18799;10147,30632
35,92000;-34,18632;10153,40686
35,94000;-34,18465;10159,03577
35,96000;-34,18303;10163,86524
35,98000;-34,18142;10168,15156
36,00000;-34,17975;10172,71057
36,02000;-34,17807;10177,91629
36,04000;-34,17640;10183,64877
36,06000;-34,17466;10190,69627
36,08000;-34,17299;10197,56049
36,10000;-34,17138;10202,02786
36,12000;-34,16970;10205,86118
36,14000;-34,16809;10210,68245
36,16000;-34,16641;10215,98577
36,18000;-34,16462;10222,40222
36,20000;-34,16301;10229,31114
36,22000;-34,16139;10234,36487
36,24000;-34,15965;10238,76071
36,26000;-34,15798;10243,42030
36,28000;-34,15637;10247,96069
36,30000;-34,15481;10253,33479
36,32000;-34,15290;10259,76166
36,34000;-34,15128;10267,04833
36,36000;-34,14961;10272,42318
36,38000;-34,14794;10276,80039
36,40000;-34,14626;10281,50544
36,42000;-34,14459;10286,39972
36,44000;-34,14297;10290,63016
36,46000;-34,14136;10295,30466
36,48000;-34,13968;10300,01938
36,50000;-34,13801;10305,22659
36,52000;-34,13634;10310,62528
36,54000;-34,13466;10316,09178
36,56000;-34,13299;10321,02853
36,58000;-34,13150;10326,43169
36,60000;-34,12970;10331,59047
36,62000;-34,12797;10338,66256
36,64000;-34,12629;10344,13949
36,66000;-34,12462;10348,89519
36,68000;-34,12300;10353,35734
36,70000;-34,12133;10357,37172
36,72000;-34,11978;10361,89869
36,74000;-34,11810;10365,97714
36,76000;-34,11637;10370,82076
36,78000;-34,11463;10378,43302
36,80000;-34,11296;10385,17728
36,82000;-34,11129;10390,20717
36,84000;-34,10967;10394,80269
36,86000;-34,10806;10398,83122
36,88000;-34,10638;10403,23079
36,90000;-34,10471;10408,94762
36,92000;-34,10297;10415,61812
36,94000;-34,10124;10421,77081
36,96000;-34,09963;10427,54129
36,98000;-34,09795;10432,19715
37,00000;-34,09628;10436,25697
37,02000;-34,09460;10440,52169
37,04000;-34,09299;10444,94435
37,06000;-34,09131;10449,65088
37,08000;-34,08982;10454,91546
37,10000;-34,08791;10460,77386
37,12000;-34,08629;10467,82732
37,14000;-34,08468;10472,43699
37,16000;-34,08300;10475,81956
37,18000;-34,08133;10479,95165
37,20000;-34,07966;10485,90615
37,22000;-34,07804;10491,12454
37,24000;-34,07637;10495,74018
37,26000;-34,07469;10500,94217
37,28000;-34,07308;10505,04297
37,30000;-34,07141;10509,61763
37,32000;-34,06973;10514,95150
37,34000;-34,06812;10520,18180
37,36000;-34,06645;10525,17369
37,38000;-34,06471;10530,43082
37,40000;-34,06304;10535,80716
37,42000;-34,06136;10540,81991
37,44000;-34,05969;10545,42810
37,46000;-34,05825;10549,76657
37,48000;-34,05640;10554,70109
37,50000;-34,05461;10561,43492
37,52000;-34,05299;10568,28573
37,54000;-34,05132;10573,16214
37,56000;-34,04964;10577,43952
37,58000;-34,04797;10582,09315
37,60000;-34,04635;10586,23046
37,62000;-34,04468;10590,86770
37,64000;-34,04295;10595,84767
37,66000;-34,04133;10600,01999
37,68000;-34,03966;10605,04690
37,70000;-34,03798;10610,09467
37,72000;-34,03637;10614,92339
37,74000;-34,03469;10618,97725
37,76000;-34,03302;10624,11517
37,78000;-34,03153;10629,41551
37,80000;-34,02961;10635,33500
37,82000;-34,02788;10642,78707
37,84000;-34,02632;10648,36904
37,86000;-34,02471;10652,20460
37,88000;-34,02304;10655,61846
37,90000;-34,02136;10659,73938
37,92000;-34,01969;10664,35352
37,94000;-34,01801;10669,05558
37,96000;-34,01634;10674,19648
37,98000;-34,01473;10678,92909
38,00000;-34,01311;10682,59999
38,02000;-34,01144;10686,55774
38,04000;-34,00970;10691,71503
38,06000;-34,00797;10697,88486
38,08000;-34,00630;10703,57338
38,10000;-34,00468;10709,41389
38,12000;-34,00307;10713,49084
38,14000;-34,00157;10717,29213
38,16000;-33,99966;10722,68561
38,18000;-33,99793;10729,99761
38,20000;-33,99631;10736,11081
38,22000;-33,99470;10740,46716
38,24000;-33,99302;10743,93988
38,26000;-33,99135;10748,37819
38,28000;-33,98967;10753,31122
38,30000;-33,98800;10758,03041
38,32000;-33,98633;10762,42998
38,34000;-33,98471;10767,90765
38,36000;-33,98304;10772,77362
38,38000;-33,98136;10777,26111
38,40000;-33,97969;10781,71656
38,42000;-33,97801;10786,37317
38,44000;-33,97640;10791,71598
38,46000;-33,97478;10796,61697
38,48000;-33,97311;10800,93160
38,50000;-33,97144;10805,74393
38,52000;-33,96964;10811,28493
38,54000;-33,96803;10816,90565
38,56000;-33,96635;10821,63379
38,58000;-33,96468;10825,89626
38,60000;-33,96307;10830,27720
38,62000;-33,96139;10833,87882
38,64000;-33,95972;10838,68146
38,66000;-33,95805;10843,89612
38,68000;-33,95631;10848,88726
38,70000;-33,95464;10853,90374
38,72000;-33,95308;10858,52981
38,74000;-33,95141;10862,86232
38,76000;-33,94968;10867,76629
38,78000;-33,94794;10873,47865
38,80000;-33,94633;10878,85126
38,82000;-33,94459;10883,85209
38,84000;-33,94298;10887,42018
38,86000;-33,94136;10890,96889
38,88000;-33,93969;10894,80519
38,90000;-33,93802;10899,39997
38,92000;-33,93634;10904,32480
38,94000;-33,93461;10910,09900
38,96000;-33,93299;10914,86663
38,98000;-33,93138;10919,31090
39,00000;-33,92976;10923,27088
39,02000;-33,92803;10927,65108
39,04000;-33,92636;10932,54387
39,06000;-33,92468;10938,35682
39,08000;-33,92301;10943,89036
39,10000;-33,92139;10948,64756
39,12000;-33,91972;10952,38999
39,14000;-33,91804;10956,34103
39,16000;-33,91643;10960,73091
39,18000;-33,91476;10965,41882
39,20000;-33,91302;10970,69830
39,22000;-33,91141;10976,59692
39,24000;-33,90973;10981,37572
39,26000;-33,90806;10985,35955
39,28000;-33,90645;10989,76955
39,30000;-33,90477;10994,52600
39,32000;-33,90298;10999,79132
39,34000;-33,90137;11005,80990
39,36000;-33,89975;11010,28547
39,38000;-33,89802;11014,33113
39,40000;-33,89634;11018,84991
39,42000;-33,89473;11023,26363
39,44000;-33,89305;11027,64159
39,46000;-33,89138;11033,03507
39,48000;-33,88977;11038,34361
39,50000;-33,88803;11043,36977
39,52000;-33,88636;11048,34452
39,54000;-33,88468;11052,65915
39,56000;-33,88295;11057,52662
39,58000;-33,88134;11062,57439
39,60000;-33,87972;11066,19462
39,62000;-33,87799;11070,13524
39,64000;-33,87631;11074,97141
39,66000;-33,87464;11079,81801
39,68000;-33,87297;11084,36957
39,70000;-33,87147;11088,78925
39,72000;-33,86968;11093,82883
39,74000;-33,86800;11099,33108
39,76000;-33,86633;11104,54127
39,78000;-33,86465;11108,96468
39,80000;-33,86298;11112,76522
39,82000;-33,86125;11117,72656
39,84000;-33,85963;11122,42192
39,86000;-33,85802;11125,91252
39,88000;-33,85634;11129,32339
39,90000;-33,85467;11133,45325
39,92000;-33,85293;11138,46228
39,94000;-33,85126;11143,59051
39,96000;-33,84959;11148,56601
39,98000;-33,84803;11153,10937
40,00000;-33,84636;11156,46362
40,02000;-33,84468;11160,81104
40,04000;-33,84301;11165,71128
40,06000;-33,84134;11171,14499
40,08000;-33,83966;11175,94093
40,10000;-33,83805;11180,11773
40,12000;-33,83637;11183,95701
40,14000;-33,83470;11188,06973
40,16000;-33,83303;11192,77254
40,18000;-33,83135;11197,68173
40,20000;-33,82968;11203,04018
40,22000;-33,82800;11208,39491
40,24000;-33,82633;11212,24388
40,26000;-33,82471;11216,01611
40,28000;-33,82310;11220,30541
40,30000;-33,82131;11225,16841
40,32000;-33,81963;11230,57231
40,34000;-33,81796;11235,89128
40,36000;-33,81634;11240,68126
40,38000;-33,81467;11244,60325
40,40000;-33,81300;11248,59229
40,42000;-33,81132;11253,17886
40,44000;-33,80965;11257,60078
40,46000;-33,80797;11262,29987
40,48000;-33,80636;11267,31187
40,50000;-33,80468;11271,32475
40,52000;-33,80295;11275,63044
40,54000;-33,80127;11280,41893
40,56000;-33,79972;11284,41766
40,58000;-33,79817;11288,57061
40,60000;-33,79637;11293,36730
40,62000;-33,79464;11298,86433
40,64000;-33,79303;11303,96053
40,66000;-33,79135;11308,81906
40,68000;-33,78968;11312,98468
40,70000;-33,78794;11316,89399
40,72000;-33,78639;11320,88006
40,74000;-33,78478;11324,86090
40,76000;-33,78304;11328,65995
40,78000;-33,78137;11333,98041
40,80000;-33,77969;11339,29938
40,82000;-33,77796;11343,90160
40,84000;-33,77635;11348,44124
40,86000;-33,77479;11351,94302
40,88000;-33,77312;11355,01936
40,90000;-33,77138;11359,28035
40,92000;-33,76959;11365,68785
40,94000;-33,76791;11372,24361
40,96000;-33,76624;11377,44039
40,98000;-33,76462;11381,11129
41,00000;-33,76301;11383,96338
41,02000;-33,76128;11388,14986
41,04000;-33,75961;11392,77518
41,06000;-33,75793;11397,68586
41,08000;-33,75625;11402,58387
41,10000;-33,75464;11407,09519
41,12000;-33,75296;11410,54109
41,14000;-33,75129;11413,88863
41,16000;-33,74968;11417,53718
41,18000;-33,74800;11421,75943
41,20000;-33,74645;11426,31024
41,22000;-33,74466;11431,59568
41,24000;-33,74298;11437,25961
41,26000;-33,74143;11441,05569
41,28000;-33,73975;11445,36138
41,30000;-33,73802;11449,87121
41,32000;-33,73635;11454,69248
41,34000;-33,73467;11459,40870
41,36000;-33,73306;11464,45870
41,38000;-33,73138;11468,61985
41,40000;-33,72971;11472,06351
41,42000;-33,72804;11475,55113
41,44000;-33,72654;11479,31144
41,46000;-33,72481;11483,33922
41,48000;-33,72301;11489,61261
41,50000;-33,72140;11495,46355
41,52000;-33,71967;11500,20733
41,54000;-33,71799;11504,03619
41,56000;-33,71632;11507,69517
41,58000;-33,71464;11511,33776
41,60000;-33,71303;11514,57503
41,62000;-33,71141;11518,75705
41,64000;-33,70968;11523,22814
41,66000;-33,70794;11528,13211
41,68000;-33,70627;11533,29387
41,70000;-33,70460;11537,62415
41,72000;-33,70304;11541,69068
41,74000;-33,70143;11545,32656
41,76000;-33,69969;11549,84236
41,78000;-33,69802;11554,85883
41,80000;-33,69635;11559,53482
41,82000;-33,69467;11562,99412
41,84000;-33,69300;11566,89972
41,86000;-33,69138;11571,70311
41,88000;-33,68989;11574,68930
41,90000;-33,68803;11578,34157
41,92000;-33,68630;11584,10609
41,94000;-33,68463;11589,54576
41,96000;-33,68295;11593,94011
41,98000;-33,68134;11597,69148
42,00000;-33,67967;11600,39902
42,02000;-33,67799;11603,90377
42,04000;-33,67638;11607,68569
42,06000;-33,67464;11611,57712
42,08000;-33,67297;11616,61744
42,10000;-33,67136;11622,13981
42,12000;-33,66962;11626,08117
42,14000;-33,66795;11630,19389
42,16000;-33,66627;11634,15462
42,18000;-33,66460;11638,31577
42,20000;-33,66292;11642,21689
42,22000;-33,66137;11646,74982
42,24000;-33,65958;11651,64411
42,26000;-33,65784;11657,53677
42,28000;-33,65623;11661,97136
42,30000;-33,65461;11664,80482
42,32000;-33,65294;11668,05252
42,34000;-33,65132;11671,87542
42,36000;-33,64965;11675,85477
42,38000;-33,64798;11680,04870
42,40000;-33,64630;11684,01614
42,42000;-33,64463;11687,46278
42,44000;-33,64295;11690,69782
42,46000;-33,64134;11694,62129
42,48000;-33,63966;11698,60959
42,50000;-33,63799;11703,46141
42,52000;-33,63626;11708,86755
42,54000;-33,63458;11713,95108
42,56000;-33,63291;11718,05337
42,58000;-33,63123;11720,95984
42,60000;-33,62968;11724,33570
42,62000;-33,62807;11727,65791
42,64000;-33,62633;11731,28933
42,66000;-33,62466;11736,55465
42,68000;-33,62292;11741,66650
42,70000;-33,62125;11746,29182
42,72000;-33,61964;11749,07163
42,74000;-33,61802;11751,51691
42,76000;-33,61635;11755,19451
42,78000;-33,61468;11759,77811
42,80000;-33,61294;11764,65526
42,82000;-33,61121;11769,17031
42,84000;-33,60959;11773,57212
42,86000;-33,60798;11777,20129
42,88000;-33,60637;11780,15172
42,90000;-33,60469;11783,82635
42,92000;-33,60301;11788,38164
42,94000;-33,60134;11793,43835
42,96000;-33,59961;11798,22236
42,98000;-33,59799;11802,73220
43,00000;-33,59632;11806,22056
43,02000;-33,59471;11809,70743
43,04000;-33,59303;11813,01773
43,06000;-33,59130;11816,73184
43,08000;-33,58962;11821,66636
43,10000;-33,58801;11827,18202
43,12000;-33,58633;11830,25911
43,14000;-33,58466;11833,23860
43,16000;-33,58298;11836,65022
43,18000;-33,58137;11840,27493
43,20000;-33,57982;11843,82066
43,22000;-33,57796;11848,34167
43,24000;-33,57629;11853,41999
43,26000;-33,57467;11857,05289
43,28000;-33,57300;11860,31699
43,30000;-33,57133;11863,45890
43,32000;-33,56965;11867,00091
43,34000;-33,56798;11871,22762
43,36000;-33,56649;11875,86784
43,38000;-33,56469;11879,54843
43,40000;-33,56296;11884,05901
43,42000;-33,56128;11888,63963
43,44000;-33,55961;11892,55789
43,46000;-33,55794;11895,88755
43,48000;-33,55638;11898,71281
43,50000;-33,55470;11901,91358
43,52000;-33,55297;11905,98160
43,54000;-33,55130;11910,42513
43,56000;-33,54962;11914,91932
43,58000;-33,54795;11918,43003
43,60000;-33,54640;11922,10689
43,62000;-33,54472;11925,90743
43,64000;-33,54287;11931,75316
43,66000;-33,54125;11938,59279
43,68000;-33,53958;11942,72861
43,70000;-33,53790;11945,04723
43,72000;-33,53629;11947,73838
43,74000;-33,53467;11949,82454
43,76000;-33,53300;11953,04319
43,78000;-33,53138;11956,61277
43,80000;-33,52971;11960,09070
43,82000;-33,52798;11964,54018
43,84000;-33,52630;11968,98147
43,86000;-33,52469;11972,77755
43,88000;-33,52302;11976,00216
43,90000;-33,52146;11979,24018
43,92000;-33,52003;11982,84179
43,94000;-33,51799;11988,00206
43,96000;-33,51626;11994,48481
43,98000;-33,51471;11999,24275
44,00000;-33,51303;12001,72827
44,02000;-33,51136;12004,13108
44,04000;-33,50968;12007,15825
44,06000;-33,50807;12010,47897
44,08000;-33,50634;12013,73711
44,10000;-33,50472;12017,88560
44,12000;-33,50311;12021,82323
44,14000;-33,50143;12024,79303
44,16000;-33,49976;12028,19347
44,18000;-33,49832;12032,58857
44,20000;-33,49635;12036,75717
44,22000;-33,49468;12042,87857
44,24000;-33,49306;12048,13570
44,26000;-33,49133;12051,38266
44,28000;-33,48965;12054,03656
44,30000;-33,48804;12057,49661
44,32000;-33,48636;12061,24872
44,34000;-33,48469;12064,49792
44,36000;-33,48308;12067,39023
44,38000;-33,48140;12070,25647
44,40000;-33,47967;12074,57930
44,42000;-33,47799;12078,81421
44,44000;-33,47632;12082,52981
44,46000;-33,47489;12086,22605
44,48000;-33,47303;12090,33430
44,50000;-33,47130;12095,28148
44,52000;-33,46962;12099,10512
44,54000;-33,46801;12102,00936
44,56000;-33,46633;12104,60216
44,58000;-33,46466;12108,20973
44,60000;-33,46305;12111,40528
44,62000;-33,46143;12114,02565
44,64000;-33,45976;12116,59610
44,66000;-33,45809;12120,40856
44,68000;-33,45635;12125,26485
44,70000;-33,45468;12130,57563
44,72000;-33,45300;12135,24714
44,74000;-33,45139;12139,27492
44,76000;-33,44966;12142,03462
44,78000;-33,44822;12145,88881
44,80000;-33,44631;12149,86965
44,82000;-33,44457;12154,98447
44,84000;-33,44296;12159,87131
44,86000;-33,44129;12163,13094
44,88000;-33,43961;12165,36164
44,90000;-33,43800;12168,32176
44,92000;-33,43632;12171,39289
44,94000;-33,43459;12174,60558
44,96000;-33,43292;12178,26456
44,98000;-33,43130;12181,81998
45,00000;-33,42963;12184,94698
45,02000;-33,42795;12188,14552
45,04000;-33,42628;12191,55863
45,06000;-33,42466;12195,10064
45,08000;-33,42305;12199,07030
45,10000;-33,42131;12203,57493
45,12000;-33,41958;12208,35820
45,14000;-33,41797;12212,86282
45,16000;-33,41629;12215,90862
45,18000;-33,41462;12218,15199
45,20000;-33,41294;12221,40789
45,22000;-33,41133;12225,25090
45,24000;-33,40965;12229,01866
45,26000;-33,40798;12231,99964
45,28000;-33,40631;12235,67873
45,30000;-33,40463;12239,16933
45,32000;-33,40296;12242,51240
45,34000;-33,40128;12245,59918
45,36000;-33,39967;12249,18216
45,38000;-33,39800;12252,90224
45,40000;-33,39632;12256,42785
45,42000;-33,39465;12259,62564
45,44000;-33,39298;12262,70795
45,46000;-33,39148;12266,41759
45,48000;-33,38969;12270,29338
45,50000;-33,38795;12274,68699
45,52000;-33,38628;12279,31604
45,54000;-33,38461;12282,85730
45,56000;-33,38293;12286,11916
45,58000;-33,38126;12289,84222
45,60000;-33,37964;12293,61221
45,62000;-33,37797;12296,82639
45,64000;-33,37629;12299,47954
45,66000;-33,37462;12302,93959
45,68000;-33,37295;12306,64104
45,70000;-33,37127;12309,62947
45,72000;-33,36960;12313,13497
45,74000;-33,36798;12316,58384
45,76000;-33,36637;12319,02465
45,78000;-33,36469;12322,70449
45,80000;-33,36296;12326,64511
45,82000;-33,36129;12330,75187
45,84000;-33,35967;12333,89974
45,86000;-33,35806;12336,80621
45,88000;-33,35638;12338,79998
45,90000;-33,35471;12341,96797
45,92000;-33,35303;12345,83482
45,94000;-33,35136;12349,73520
45,96000;-33,34963;12354,31284
45,98000;-33,34801;12358,65280
46,00000;-33,34634;12361,74703
46,02000;-33,34473;12364,59240
46,04000;-33,34305;12367,62181
46,06000;-33,34138;12370,49475
46,08000;-33,33964;12374,48081
46,10000;-33,33797;12378,35065
46,12000;-33,33636;12381,75184
46,14000;-33,33468;12384,47875
46,16000;-33,33301;12387,54764
46,18000;-33,33139;12390,61877
46,20000;-33,32972;12393,58783
46,22000;-33,32798;12397,51130
46,24000;-33,32637;12400,99072
46,26000;-33,32470;12404,61320
46,28000;-33,32302;12408,18128
46,30000;-33,32135;12411,45357
46,32000;-33,31973;12415,14683
46,34000;-33,31806;12418,09130
46,36000;-33,31638;12421,32932
46,38000;-33,31471;12424,81843
46,40000;-33,31304;12428,45505
46,42000;-33,31136;12431,99259
46,44000;-33,30975;12434,33878
46,46000;-33,30807;12436,64101
46,48000;-33,30646;12440,08839
46,50000;-33,30478;12443,52981
46,52000;-33,30311;12446,54730
46,54000;-33,30138;12450,17052
46,56000;-33,29970;12453,96137
46,58000;-33,29809;12457,16065
46,60000;-33,29641;12460,37260
46,62000;-33,29480;12463,62627
46,64000;-33,29307;12466,90527
46,66000;-33,29139;12470,59479
46,68000;-33,28972;12475,16870
46,70000;-33,28805;12479,35817
46,72000;-33,28631;12482,44792
46,74000;-33,28476;12484,86489
46,76000;-33,28308;12487,04866
46,78000;-33,28141;12489,32332
46,80000;-33,27968;12492,17764
46,82000;-33,27800;12496,05119
46,84000;-33,27627;12500,30100
46,86000;-33,27471;12504,33773
46,88000;-33,27310;12507,23302
46,90000;-33,27142;12510,28478
46,92000;-33,26969;12514,31853
46,94000;-33,26802;12517,97676
46,96000;-33,26634;12521,07620
46,98000;-33,26467;12525,14422
47,00000;-33,26305;12528,39863
47,02000;-33,26138;12530,41476
47,04000;-33,25970;12532,78852
47,06000;-33,25803;12536,28433
47,08000;-33,25636;12539,40165
47,10000;-33,25468;12543,15972
47,12000;-33,25307;12546,51845
47,14000;-33,25139;12549,44801
47,16000;-33,24972;12553,23738
47,18000;-33,24804;12556,76746
47,20000;-33,24637;12560,50467
47,22000;-33,24470;12564,40580
47,24000;-33,24308;12567,61551
47,26000;-33,24141;12570,65684
47,28000;-33,23967;12574,47302
47,30000;-33,23800;12578,28325
47,32000;-33,23633;12581,19494
47,34000;-33,23465;12583,70429
47,36000;-33,23304;12586,71582
47,38000;-33,23136;12589,94490
47,40000;-33,22969;12592,92066
47,42000;-33,22802;12596,37773
47,44000;-33,22628;12599,64108
47,46000;-33,22461;12602,66155
47,48000;-33,22300;12605,45105
47,50000;-33,22132;12608,70844
47,52000;-33,21965;12611,53817
47,54000;-33,21803;12614,53480
47,56000;-33,21630;12618,46721
47,58000;-33,21462;12622,67232
47,60000;-33,21295;12625,29939
47,62000;-33,21134;12628,02035
47,64000;-33,20966;12630,80388
47,66000;-33,20799;12633,90183
47,68000;-33,20631;12637,54219
47,70000;-33,20464;12641,51931
47,72000;-33,20296;12644,87356
47,74000;-33,20135;12647,18473
47,76000;-33,19968;12649,37818
47,78000;-33,19800;12652,83078
47,80000;-33,19632;12656,33553
47,82000;-33,19465;12660,01910
47,84000;-33,19298;12663,61177
47,86000;-33,19130;12667,01669
47,88000;-33,18969;12669,15947
47,90000;-33,18795;12671,66287
47,92000;-33,18634;12674,52687
47,94000;-33,18467;12678,03013
47,96000;-33,18293;12681,87463
47,98000;-33,18126;12685,64463
48,00000;-33,17971;12687,94835
48,02000;-33,17803;12689,74394
48,04000;-33,17636;12691,83308
48,06000;-33,17468;12695,47045
48,08000;-33,17301;12699,31495
48,10000;-33,17134;12703,00299
48,12000;-33,16972;12706,19631
48,14000;-33,16799;12708,86064
48,16000;-33,16637;12711,87365
48,18000;-33,16470;12715,18469
48,20000;-33,16296;12718,96213
48,22000;-33,16129;12723,52487
48,24000;-33,15962;12726,84038
48,26000;-33,15794;12729,23052
48,28000;-33,15627;12731,80991
48,30000;-33,15466;12734,34609
48,32000;-33,15298;12736,56040
48,34000;-33,15130;12740,04728
48,36000;-33,14969;12743,90221
48,38000;-33,14801;12746,68872
48,40000;-33,14634;12749,98933
48,42000;-33,14467;12753,65502
48,44000;-33,14293;12756,99586
48,46000;-33,14132;12760,30689
48,48000;-33,13964;12763,20070
48,50000;-33,13803;12766,25544
48,52000;-33,13630;12768,94808
48,54000;-33,13462;12772,06391
48,56000;-33,13295;12775,61784
48,58000;-33,13133;12778,55486
48,60000;-33,12966;12780,86752
48,62000;-33,12811;12783,42903
48,64000;-33,12643;12786,60446
48,66000;-33,12476;12789,99150
48,68000;-33,12309;12793,32340
48,70000;-33,12135;12797,38694
48,72000;-33,11968;12801,29403
48,74000;-33,11806;12804,39496
48,76000;-33,11645;12806,69272
48,78000;-33,11472;12809,93074
48,80000;-33,11298;12813,81398
48,82000;-33,11131;12817,74044
48,84000;-33,10957;12820,99485
48,86000;-33,10802;12824,47278
48,88000;-33,10640;12827,09539
48,90000;-33,10467;12829,82677
48,92000;-33,10299;12832,98433
48,94000;-33,10132;12837,46958
48,96000;-33,09959;12842,09043
48,98000;-33,09797;12845,68459
49,00000;-33,09630;12848,14626
49,02000;-33,09462;12850,11172
49,04000;-33,09301;12852,98467
49,06000;-33,09146;12855,94106
49,08000;-33,08960;12859,70360
49,10000;-33,08793;12864,31849
49,12000;-33,08631;12868,21961
49,14000;-33,08464;12871,17749
49,16000;-33,08302;12872,99097
49,18000;-33,08135;12875,10842
49,20000;-33,07974;12877,84278
49,22000;-33,07800;12881,81543
49,24000;-33,07639;12885,65695
49,26000;-33,07471;12888,85474
49,28000;-33,07304;12891,85286
49,30000;-33,07137;12894,98806
49,32000;-33,06975;12898,45407
49,34000;-33,06802;12901,36576
49,36000;-33,06641;12905,04783
49,38000;-33,06473;12909,02942
49,40000;-33,06300;12911,80849
49,42000;-33,06132;12915,01075
49,44000;-33,05965;12918,43802
49,46000;-33,05797;12921,06658
49,48000;-33,05636;12923,67131
49,50000;-33,05475;12926,95254
49,52000;-33,05301;12929,74055
49,54000;-33,05128;12933,82943
49,56000;-33,04960;12937,17027
49,58000;-33,04793;12940,25779
49,60000;-33,04626;12943,25441
49,62000;-33,04464;12946,03199
49,64000;-33,04297;12947,82162
49,66000;-33,04129;12950,41740
49,68000;-33,03962;12954,24998
49,70000;-33,03794;12957,47012
49,72000;-33,03621;12961,11792
49,74000;-33,03465;12964,50049
49,76000;-33,03304;12966,41082
49,78000;-33,03137;12968,31965
49,80000;-33,02969;12971,84825
49,82000;-33,02802;12975,77620
49,84000;-33,02628;12980,48496
49,86000;-33,02461;12984,70944
49,88000;-33,02300;12987,38420
49,90000;-33,02132;12989,69686
49,92000;-33,01965;12992,37311
49,94000;-33,01797;12994,86756
49,96000;-33,01630;12997,90293
49,98000;-33,01469;13001,36000
50,00000;-33,01295;13004,69786
50,02000;-33,01122;13007,65574
50,04000;-33,00960;13010,06228
50,06000;-33,00799;13012,61634
50,08000;-33,00632;13014,99903
50,10000;-33,00464;13018,07314
50,12000;-33,00291;13021,83419
50,14000;-33,00123;13025,55352
50,16000;-32,99956;13028,86456
50,18000;-32,99789;13030,26974
50,20000;-32,99627;13031,97294
50,22000;-32,99460;13034,44505
50,24000;-32,99292;13038,08987
50,26000;-32,99125;13042,61386
50,28000;-32,98958;13046,84579
50,30000;-32,98790;13049,11822
50,32000;-32,98629;13051,30124
50,34000;-32,98467;13053,46489
50,36000;-32,98300;13056,07110
50,38000;-32,98138;13058,93958
50,40000;-32,97977;13061,73801
50,42000;-32,97797;13065,29492
50,44000;-32,97624;13069,44191
50,46000;-32,97463;13072,60990
50,48000;-32,97295;13073,93909
50,50000;-32,97140;13075,72573
50,52000;-32,96972;13076,87759
50,54000;-32,96805;13079,92786
50,56000;-32,96638;13083,77385
50,58000;-32,96464;13087,31288
50,60000;-32,96297;13090,43020
50,62000;-32,96135;13093,06622
50,64000;-32,95974;13094,47885
50,66000;-32,95807;13096,53819
50,68000;-32,95627;13101,59713
50,70000;-32,95460;13106,61435
50,72000;-32,95292;13109,58564
50,74000;-32,95131;13112,52415
50,76000;-32,94964;13114,48365
50,78000;-32,94796;13116,06318
50,80000;-32,94629;13118,39670
50,82000;-32,94461;13120,91798
50,84000;-32,94294;13123,71939
50,86000;-32,94133;13126,94401
50,88000;-32,93965;13129,73052
50,90000;-32,93804;13131,36965
50,92000;-32,93636;13133,86112
50,94000;-32,93493;13136,15888
50,96000;-32,93301;13139,49972
50,98000;-32,93122;13145,21879
51,00000;-32,92967;13149,61612
51,02000;-32,92799;13150,95127
51,04000;-32,92632;13152,55761
51,06000;-32,92470;13154,58864
51,08000;-32,92303;13155,58106
51,10000;-32,92135;13157,24403
51,12000;-32,91974;13160,12144
51,14000;-32,91806;13162,78726
51,16000;-32,91669;13165,93289
51,18000;-32,91466;13169,21413
51,20000;-32,91298;13174,42507
51,22000;-32,91131;13178,09969
51,24000;-32,90963;13180,42725
51,26000;-32,90802;13182,26159
51,28000;-32,90635;13184,22407
51,30000;-32,90461;13187,14172
51,32000;-32,90294;13190,20540
51,34000;-32,90127;13192,71773
51,36000;-32,89959;13195,41782
51,38000;-32,89804;13197,09420
51,40000;-32,89630;13198,81231
51,42000;-32,89475;13201,45428
51,44000;-32,89290;13204,67144
51,46000;-32,89122;13209,36829
51,48000;-32,88961;13212,57800
51,50000;-32,88799;13214,79380
51,52000;-32,88632;13215,57909
51,54000;-32,88465;13217,61310
51,56000;-32,88297;13220,67380
51,58000;-32,88130;13223,42157
51,60000;-32,87962;13226,27664
51,62000;-32,87801;13229,00802
51,64000;-32,87645;13230,89600
51,66000;-32,87472;13233,71232
51,68000;-32,87304;13236,81623
51,70000;-32,87137;13239,99763
51,72000;-32,86958;13243,02852
51,74000;-32,86796;13246,06985
51,76000;-32,86635;13247,87736
51,78000;-32,86467;13249,29744
51,80000;-32,86312;13251,17201
51,82000;-32,86138;13253,92276
51,84000;-32,85959;13258,88187
51,86000;-32,85798;13263,59510
51,88000;-32,85630;13265,68425
51,90000;-32,85463;13267,59607
51,92000;-32,85295;13269,68074
51,94000;-32,85134;13271,78627
51,96000;-32,84967;13273,93204
51,98000;-32,84799;13276,45630
52,00000;-32,84632;13279,08039
52,02000;-32,84465;13281,29768
52,04000;-32,84297;13283,60438
52,06000;-32,84136;13286,24785
52,08000;-32,83998;13288,66035
52,10000;-32,83801;13291,90135
52,12000;-32,83628;13296,93347
52,14000;-32,83466;13301,51707
52,16000;-32,83293;13304,32594
52,18000;-32,83131;13306,97984
52,20000;-32,82964;13307,90967
52,22000;-32,82797;13309,07047
52,24000;-32,82635;13311,30564
52,26000;-32,82468;13313,44992
52,28000;-32,82300;13316,22154
52,30000;-32,82133;13319,32992
52,32000;-32,81965;13321,76775
52,34000;-32,81804;13323,24296
52,36000;-32,81642;13325,58095
52,38000;-32,81481;13328,88007
52,40000;-32,81302;13331,49374
52,42000;-32,81134;13335,32780
52,44000;-32,80961;13338,94432
52,46000;-32,80799;13341,78448
52,48000;-32,80626;13344,00177
52,50000;-32,80470;13345,88230
52,52000;-32,80303;13347,40072
52,54000;-32,80136;13349,38705
52,56000;-32,79968;13352,55057
52,58000;-32,79795;13356,16410
52,60000;-32,79633;13358,85376
52,62000;-32,79472;13360,44371
52,64000;-32,79305;13361,36907
52,66000;-32,79161;13362,92028
52,68000;-32,78976;13365,99886
52,70000;-32,78796;13371,11294
52,72000;-32,78623;13375,64439
52,74000;-32,78462;13378,21484
52,76000;-32,78300;13378,97480
52,78000;-32,78127;13380,40084
52,80000;-32,77971;13382,15321
52,82000;-32,77804;13384,04566
52,84000;-32,77631;13386,73383
52,86000;-32,77463;13390,29968
52,88000;-32,77302;13393,20838
52,90000;-32,77134;13395,06060
52,92000;-32,76967;13397,03798
52,94000;-32,76805;13399,49667
52,96000;-32,76632;13401,45469
52,98000;-32,76465;13404,17862
53,00000;-32,76297;13407,05305
53,02000;-32,76130;13409,07961
53,04000;-32,75963;13410,97057
53,06000;-32,75801;13413,63788
53,08000;-32,75634;13416,54956
53,10000;-32,75460;13418,85179
53,12000;-32,75299;13421,98700
53,14000;-32,75131;13424,50976
53,16000;-32,74964;13426,90736
53,18000;-32,74802;13428,94435
53,20000;-32,74635;13430,83829
53,22000;-32,74468;13432,74415
53,24000;-32,74300;13434,82286
53,26000;-32,74139;13437,73901
53,28000;-32,73971;13440,46295
53,30000;-32,73798;13443,40444
53,32000;-32,73631;13446,35934
53,34000;-32,73469;13448,61388
53,36000;-32,73302;13450,93995
53,38000;-32,73134;13454,91856
53,40000;-32,72967;13457,99863
53,42000;-32,72794;13460,64210
53,44000;-32,72626;13463,33027
53,46000;-32,72459;13465,06178
53,48000;-32,72298;13467,13156
53,50000;-32,72136;13469,61707
53,52000;-32,71969;13472,35590
53,54000;-32,71801;13474,76244
53,56000;-32,71640;13477,45508
53,58000;-32,71461;13480,38316
53,60000;-32,71293;13483,55263
53,62000;-32,71132;13485,99792
53,64000;-32,70970;13486,78768
53,66000;-32,70803;13488,46555
53,68000;-32,70635;13491,56201
53,70000;-32,70468;13494,50648
53,72000;-32,70300;13496,24097
53,74000;-32,70133;13498,33906
53,76000;-32,69977;13500,47588
53,78000;-32,69810;13501,96898
53,80000;-32,69643;13504,20564
53,82000;-32,69475;13507,42429
53,84000;-32,69302;13510,66083
53,86000;-32,69134;13513,93014
53,88000;-32,68973;13517,03852
53,90000;-32,68806;13517,97581
53,92000;-32,68656;13518,86988
53,94000;-32,68471;13520,65653
53,96000;-32,68303;13525,08366
53,98000;-32,68130;13529,01012
54,00000;-32,67969;13532,02462
54,02000;-32,67801;13533,52070
54,04000;-32,67640;13535,15089
54,06000;-32,67478;13536,88389
54,08000;-32,67305;13538,74803
54,10000;-32,67138;13541,94582
54,12000;-32,66970;13545,80522
54,14000;-32,66803;13548,73627
54,16000;-32,66629;13550,97443
54,18000;-32,66468;13552,81770
54,20000;-32,66301;13554,95006
54,22000;-32,66133;13556,79929
54,24000;-32,65978;13559,10003
54,26000;-32,65798;13563,13080
54,28000;-32,65637;13566,55806
54,30000;-32,65469;13569,21494
54,32000;-32,65302;13571,16550
54,34000;-32,65135;13573,26955
54,36000;-32,64973;13575,19627
54,38000;-32,64812;13577,47316
54,40000;-32,64644;13580,11067
54,42000;-32,64477;13583,16094
54,44000;-32,64303;13586,49582
54,46000;-32,64136;13589,94097
54,48000;-32,63969;13592,97335
54,50000;-32,63807;13595,10124
54,52000;-32,63646;13596,66586
54,54000;-32,63472;13599,41214
54,56000;-32,63305;13603,07038
54,58000;-32,63138;13606,59897
54,60000;-32,62970;13609,64477
54,62000;-32,62809;13612,28824
54,64000;-32,62647;13614,91382
54,66000;-32,62474;13618,85667
54,68000;-32,62307;13622,80995
54,70000;-32,62133;13626,89435
54,72000;-32,61966;13630,35738
54,74000;-32,61792;13633,46428
54,76000;-32,61637;13636,57415
54,78000;-32,61476;13638,07321
54,80000;-32,61302;13640,58405
54,82000;-32,61135;13644,38236
54,84000;-32,60967;13648,38630
54,86000;-32,60800;13651,71820
54,88000;-32,60639;13654,64926
54,90000;-32,60471;13657,21673
54,92000;-32,60310;13660,24166
54,94000;-32,60136;13663,89841
54,96000;-32,59969;13668,76513
54,98000;-32,59795;13673,12223
55,00000;-32,59634;13677,62089
55,02000;-32,59473;13680,37164
55,04000;-32,59299;13683,56347
55,06000;-32,59132;13687,73878
55,08000;-32,58970;13690,92762
55,10000;-32,58797;13694,43834
55,12000;-32,58629;13698,62258
55,14000;-32,58468;13702,69209
55,16000;-32,58300;13706,06124
55,18000;-32,58133;13710,31553
55,20000;-32,57972;13713,52673
55,22000;-32,57804;13716,50547
55,24000;-32,57643;13720,18009
55,26000;-32,57476;13724,63107
55,28000;-32,57302;13729,02542
55,30000;-32,57135;13733,51067
55,32000;-32,56967;13737,39839
55,34000;-32,56794;13741,09834
55,36000;-32,56626;13745,75943
55,38000;-32,56465;13749,86917
55,40000;-32,56292;13753,55124
55,42000;-32,56124;13758,18402
55,44000;-32,55963;13762,33399
55,46000;-32,55790;13765,80745
55,48000;-32,55622;13769,03504
55,50000;-32,55461;13772,43400
55,52000;-32,55299;13775,98494
55,54000;-32,55132;13778,75060
55,56000;-32,54964;13782,52059
55,58000;-32,54797;13787,13250
55,60000;-32,54642;13791,87554
55,62000;-32,54462;13797,41877
55,64000;-32,54301;13803,09165
55,66000;-32,54133;13807,78700
55,68000;-32,53966;13811,47057
55,70000;-32,53792;13815,18692
55,72000;-32,53625;13819,53359
55,74000;-32,53458;13823,80575
55,76000;-32,53302;13827,29709
55,78000;-32,53135;13829,55611
55,80000;-32,52973;13832,50356
55,82000;-32,52818;13836,58201
55,84000;-32,52626;13841,59476
55,86000;-32,52459;13848,07378
55,88000;-32,52298;13853,39350
55,90000;-32,52130;13856,53466
55,92000;-32,51963;13859,17962
55,94000;-32,51795;13862,22392
55,96000;-32,51628;13866,56016
55,98000;-32,51461;13871,20634
56,00000;-32,51293;13876,12522
56,02000;-32,51126;13880,47785
56,04000;-32,50958;13883,98260
56,06000;-32,50797;13887,35622
56,08000;-32,50630;13890,73730
56,10000;-32,50468;13895,33728
56,12000;-32,50289;13900,95949
56,14000;-32,50128;13906,91698
56,16000;-32,49960;13910,88665
56,18000;-32,49793;13915,02321
56,20000;-32,49625;13918,65760
56,22000;-32,49458;13921,66018
56,24000;-32,49296;13924,90566
56,26000;-32,49135;13929,14951
56,28000;-32,48967;13932,98507
56,30000;-32,48800;13937,12014
56,32000;-32,48633;13941,21796
56,34000;-32,48465;13945,09524
56,36000;-32,48292;13950,15121
56,38000;-32,48136;13955,79129
56,40000;-32,47969;13958,63444
56,42000;-32,47801;13961,99316
56,44000;-32,47628;13965,43831
56,46000;-32,47461;13969,71643
56,48000;-32,47293;13973,87087
56,50000;-32,47132;13978,43510
56,52000;-32,46970;13982,22744
56,54000;-32,46815;13985,45355
56,56000;-32,46630;13990,11314
56,58000;-32,46456;13996,25540
56,60000;-32,46289;14001,36799
56,62000;-32,46127;14005,49263
56,64000;-32,45972;14008,52650
56,66000;-32,45805;14011,29961
56,68000;-32,45637;14015,52856
56,70000;-32,45464;14021,11202
56,72000;-32,45290;14026,42876
56,74000;-32,45123;14031,24183
56,76000;-32,44968;14035,83437
56,78000;-32,44800;14038,30051
56,80000;-32,44633;14041,60559
56,82000;-32,44472;14046,15939
56,84000;-32,44298;14050,85474
56,86000;-32,44125;14056,07909
56,88000;-32,43969;14060,94283
56,90000;-32,43802;14064,44013
56,92000;-32,43634;14067,57981
56,94000;-32,43473;14071,16503
56,96000;-32,43311;14074,93353
56,98000;-32,43132;14079,40239
57,00000;-32,42965;14085,11847
57,02000;-32,42803;14090,19977
57,04000;-32,42630;14094,44511
57,06000;-32,42462;14098,60998
57,08000;-32,42295;14102,26375
57,10000;-32,42133;14105,79979
57,12000;-32,41966;14109,03335
57,14000;-32,41811;14112,54406
57,16000;-32,41631;14116,82814
57,18000;-32,41464;14121,80960
57,20000;-32,41302;14126,20544
57,22000;-32,41135;14129,45092
57,24000;-32,40974;14132,26426
57,26000;-32,40818;14136,21902
57,28000;-32,40639;14141,08127
57,30000;-32,40471;14146,84057
57,32000;-32,40298;14152,85766
57,34000;-32,40131;14157,39506
57,36000;-32,39963;14160,77465
57,38000;-32,39808;14164,42841
57,40000;-32,39641;14167,43100
57,42000;-32,39467;14171,71508
57,44000;-32,39300;14177,00350
57,46000;-32,39132;14182,27404
57,48000;-32,38965;14186,49107
57,50000;-32,38803;14190,19848
57,52000;-32,38642;14192,95520
57,54000;-32,38474;14195,63740
57,56000;-32,38313;14199,76801
57,58000;-32,38134;14205,21885
57,60000;-32,37960;14211,25233
57,62000;-32,37793;14217,42290
57,64000;-32,37631;14221,97968
57,66000;-32,37464;14225,01355
57,68000;-32,37297;14228,33055
57,70000;-32,37129;14233,35075
57,72000;-32,36962;14238,58255
57,74000;-32,36794;14242,95604
57,76000;-32,36633;14247,92409
57,78000;-32,36465;14251,53613
57,80000;-32,36298;14254,41504
57,82000;-32,36131;14257,83187
57,84000;-32,35969;14261,53034
57,86000;-32,35826;14265,63412
57,88000;-32,35622;14272,20404
57,90000;-32,35455;14280,35945
57,92000;-32,35294;14285,56740
57,94000;-32,35126;14288,13636
57,96000;-32,34959;14290,89904
57,98000;-32,34791;14294,58857
58,00000;-32,34630;14299,48807
58,02000;-32,34463;14303,82580
58,04000;-32,34295;14307,94597
58,06000;-32,34134;14311,96928
58,08000;-32,33966;14314,66639
58,10000;-32,33799;14317,26515
58,12000;-32,33632;14320,91296
58,14000;-32,33470;14325,41311
58,16000;-32,33297;14329,49454
58,18000;-32,33129;14333,92167
58,20000;-32,32962;14338,12380
58,22000;-32,32795;14342,32295
58,24000;-32,32627;14346,39543
58,26000;-32,32495;14349,58726
58,28000;-32,32292;14354,30497
58,30000;-32,32119;14362,14596
58,32000;-32,31958;14367,45822
58,34000;-32,31790;14370,28646
58,36000;-32,31623;14372,53803
58,38000;-32,31467;14375,38862
58,40000;-32,31300;14378,71754
58,42000;-32,31132;14381,23137
58,44000;-32,30971;14384,67652
58,46000;-32,30797;14388,73559
58,48000;-32,30630;14392,95113
58,50000;-32,30468;14398,10097
58,52000;-32,30307;14402,63391
58,54000;-32,30140;14406,81517
58,56000;-32,29990;14410,89809
58,58000;-32,29799;14415,47722
58,60000;-32,29626;14421,66865
58,62000;-32,29464;14426,90790
58,64000;-32,29303;14430,29195
58,66000;-32,29135;14432,92499
58,68000;-32,28962;14436,39398
58,70000;-32,28794;14440,24593
58,72000;-32,28627;14443,79538
58,74000;-32,28460;14447,04384
58,76000;-32,28298;14450,38319
58,78000;-32,28131;14454,34541
58,80000;-32,27964;14458,09752
58,82000;-32,27808;14461,20739
58,84000;-32,27629;14464,43349
58,86000;-32,27455;14469,22570
58,88000;-32,27294;14474,04474
58,90000;-32,27132;14476,43340
58,92000;-32,26971;14478,30647
58,94000;-32,26804;14481,01252
58,96000;-32,26636;14484,61115
58,98000;-32,26469;14487,69718
59,00000;-32,26301;14490,98736
59,02000;-32,26140;14494,14790
59,04000;-32,25972;14496,49483
59,06000;-32,25805;14498,80749
59,08000;-32,25638;14500,90855
59,10000;-32,25470;14503,30615
59,12000;-32,25321;14506,04498
59,14000;-32,25141;14509,21595
59,16000;-32,24962;14512,53146
59,18000;-32,24800;14515,47146
59,20000;-32,24633;14517,45927
59,22000;-32,24466;14518,22072
59,24000;-32,24298;14518,92555
59,26000;-32,24137;14520,24579
59,28000;-32,23975;14521,26205
59,30000;-32,23802;14522,22615
59,32000;-32,23629;14523,49424
59,34000;-32,23461;14524,67442
59,36000;-32,23294;14526,21967
59,38000;-32,23133;14526,95578
59,40000;-32,22971;14527,12119
59,42000;-32,22822;14526,93641
59,44000;-32,22636;14527,38345
59,46000;-32,22463;14530,21169
59,48000;-32,22296;14532,80896
59,50000;-32,22134;14534,01297
59,52000;-32,21978;14534,62690
59,54000;-32,21805;14534,57475
59,56000;-32,21644;14534,90406
59,58000;-32,21470;14535,49862
59,60000;-32,21303;14537,38213
59,62000;-32,21136;14538,68896
59,64000;-32,20974;14539,13152
59,66000;-32,20807;14537,82916
59,68000;-32,20645;14536,00973
59,70000;-32,20472;14534,93088
59,72000;-32,20304;14534,42425
59,74000;-32,20131;14534,01446
59,76000;-32,19970;14532,38577
59,78000;-32,19808;14529,01214
59,80000;-32,19641;14525,02757
59,82000;-32,19479;14520,60193
59,84000;-32,19306;14515,43719
59,86000;-32,19138;14509,04012
59,88000;-32,18965;14500,59712
59,90000;-32,18804;14487,92666
59,92000;-32,18636;14467,69238
59,94000;-32,18469;14431,41699
59,96000;-32,18248;10808,24137
59,98000;-32,17949;3326,08148
59,98200;-32,17925;2780,05954
